scope,storage_root,field_path,field_label,data_type,format,requiredness,required_when,allowed_values,sensitive,persistence_status,derived_or_input,collection_min,collection_max,initial_item_count,sync_party_ids,source_file,source_symbol,source_line,notes
case_file,caseFile,activeWardId,Active ward ID,string,,optional,,,none,persisted,input,,,,,src/core/state.js,state.js module-level _caseFile,,Foreign key to caseFile.wards
case_file,caseFile,guardianName,Account guardian name,string,,optional,,,none,persisted,input,,,,,src/core/state.js,state.js module-level _caseFile,,Case-file owner
case_file,caseFile,guardianEmail,Account guardian email,string,email,optional,,,personal,persisted,input,,,,,src/core/state.js,state.js module-level _caseFile,,Case-file owner
case_file,caseFile,parties,Parties,array<object>,,optional,,,personal,persisted,input,,,,,src/core/state.js,state.js module-level _caseFile,,Canonical party records
case_file,caseFile,parties[].id,Party ID,string,,required,,,none,persisted,input,,,,,src/core/party-resolver.js,createParty(),,"Generated identifier; referenced by a filing's wardPartyId, attorneyPartyId, preparerPartyId and guardianPartyIds"
case_file,caseFile,parties[].roles,Party roles,enum,,required,,guardian; attorney; preparer; recipient; ward,none,persisted,input,1,5,1,,src/core/party-resolver.js,createParty(),,Stored as an array of these enum values; one party may hold several roles
case_file,caseFile,parties[].name,Party name,string,,optional,,,personal,persisted,input,,,,,src/core/party-resolver.js,createParty(),,Legal name of individual or entity; blank until supplied
case_file,caseFile,parties[].identifiers.taxId,Party tax ID or SSN,string,,optional,,,government-id,persisted,input,,,,,src/core/party-resolver.js,createParty(),,Null until supplied
case_file,caseFile,parties[].identifiers.barNumber,Party Florida Bar number,string,,optional,,,legal-id,persisted,input,,,,,src/core/party-resolver.js,createParty(),,Attorney role only; null until supplied
case_file,caseFile,parties[].phone,Party phone,string,phone,optional,,,personal,persisted,input,,,,,src/core/party-resolver.js,createParty(),,Null until supplied
case_file,caseFile,parties[].email,Party email,string,email,optional,,,personal,persisted,input,,,,,src/core/party-resolver.js,createParty(),,Null until supplied
case_file,caseFile,parties[].secondaryEmail,Party secondary email,string,email,optional,,,personal,persisted,input,,,,,src/core/party-resolver.js,createParty(),,Null until supplied
case_file,caseFile,parties[].address.street,Party street address,string,,optional,,,personal,persisted,input,,,,,src/core/party-resolver.js,createParty(),,Mailing or residence address
case_file,caseFile,parties[].address.cityStateZip,Party city/state/ZIP,string,,optional,,,personal,persisted,input,,,,,src/core/party-resolver.js,createParty(),,Mailing or residence address
case_file,caseFile,parties[].officeAddress.street,Party office street address,string,,optional,,,personal,persisted,input,,,,,src/core/party-resolver.js,createParty(),,Professional office address; null for non-professional roles
case_file,caseFile,parties[].officeAddress.cityStateZip,Party office city/state/ZIP,string,,optional,,,personal,persisted,input,,,,,src/core/party-resolver.js,createParty(),,Professional office address; null for non-professional roles
case_file,caseFile,parties[].mailingAddress.street,Party mailing street address,string,,optional,,,personal,persisted,input,,,,,src/core/party-resolver.js,createParty(),,"Milestone 49B: a ward's mailing address where a filing collects it separately from the residence (Initial/Annual Plan mailingAddress); the residence itself maps onto address.*; null until supplied"
case_file,caseFile,parties[].mailingAddress.cityStateZip,Party mailing city/state/ZIP,string,,optional,,,personal,persisted,input,,,,,src/core/party-resolver.js,createParty(),,"Milestone 49B: see mailingAddress.street; null until supplied"
case_file,caseFile,parties[].county,Party canonical county,enum,,optional,,FL_COUNTY_CIRCUIT keys (src/core/pdf/circuit-lookup.js),none,persisted,input,,,,,src/core/party-resolver.js,createParty(),,Milestone 40C-A: ward role only; nullable; null until the first explicit Cover selection; later new filings for this ward hydrate from it; never derived from attorney county or from another ward Party's filing
case_file,caseFile,parties[].notes,Party internal notes,string,,optional,,,personal,persisted,input,,,,,src/core/party-resolver.js,createParty(),,Free text; null until supplied
case_file,caseFile,parties[].signatureImages,Party signature stamp history,array<object>,,optional,,,document-content,persisted,input,0,,0,,src/core/party-resolver.js,createParty(),,"Milestone 46A: append-only reusable signature stamps. An entry is never deleted or mutated once created -- a filing signed with an old stamp references that exact entry and must keep rendering it. No length or total-byte cap by design (per-image limits from Milestone 39-B bound it instead); capping would risk orphaning a reference"
case_file,caseFile,parties[].signatureImages[].id,Signature stamp ID,integer,,required,,,none,persisted,derived,,,,,src/core/party-resolver.js,addSignatureImage(),,"Permanent incrementing counter scoped to this party; never reused. Only unique within one party, so a filing reference must name partyId AND imageId"
case_file,caseFile,parties[].signatureImages[].imageData,Signature stamp image,string,base64 PNG data URL,required,,,document-content,persisted,input,,,,,src/core/party-resolver.js,addSignatureImage(),,"Reusable signature mark. More sensitive than a one-off capture: a portable mark that could be applied to a document its owner never saw, which is why applying a stored stamp requires explicit per-filing confirmation"
case_file,caseFile,parties[].signatureImages[].capturedAt,Signature stamp captured at,string,ISO 8601,required,,,none,persisted,derived,,,,,src/core/party-resolver.js,addSignatureImage(),,"When this stamp was captured. Never used as a filing signature date -- that is always a per-document field entered fresh"
case_file,caseFile,parties[].signatureImages[].active,Signature stamp is active,boolean,,required,,,none,persisted,derived,,,,,src/core/party-resolver.js,addSignatureImage(),,"At most one entry per party is active. Setting a new active stamp clears the previous flag; the entry itself is retained permanently"
case_file,caseFile,parties[].createdAt,Party created timestamp,string,iso-8601,required,,,none,persisted,input,,,,,src/core/party-resolver.js,createParty(),,Set when the party is created
case_file,caseFile,parties[].updatedAt,Party updated timestamp,string,iso-8601,required,,,none,persisted,input,,,,,src/core/party-resolver.js,createParty(),,"Touched on any field change, including establishing or changing the ward county"
case_file,caseFile,parties[].mergedInto,Party merged-into pointer,string,,optional,,,none,persisted,input,,,,,src/core/party-resolver.js,createParty(),,Tombstone pointer to the surviving (primary) party after a merge; null otherwise
case_file,caseFile,parties[].mergeRecord,Party merge undo record,object,,optional,,,none,persisted,derived,,,,,src/core/party-resolver.js,mergeParties(),,"Written on the merged-away (sub) party at merge time so unmergeParty() can reverse the merge; null on a party never merged. One level only: a sub's own subs are not relisted under the new primary. A legacy tombstone with mergedInto set but no mergeRecord cannot be unmerged (unchanged pre-tracking behavior)"
case_file,caseFile,parties[].mergeRecord.mergedAt,Merge timestamp,string,iso-8601,required,,,none,persisted,derived,,,,,src/core/party-resolver.js,mergeParties(),,When this party was merged into mergedInto
case_file,caseFile,parties[].mergeRecord.adoptedFields,Fields backfilled onto the primary,string,dotted Party field path,optional,,name; phone; email; secondaryEmail; notes; identifiers.taxId; identifiers.barNumber; address.street; address.cityStateZip; officeAddress.street; officeAddress.cityStateZip,none,persisted,derived,,,,,src/core/party-resolver.js,mergeParties(),,"Stored as an array. Each path was blank on the primary and copied from this sub; unmerge clears it on the primary only if it still holds this sub's value"
case_file,caseFile,parties[].mergeRecord.adoptedRoles,Roles added to the primary,enum,,optional,,guardian; attorney; preparer; recipient; ward,none,persisted,derived,,,,,src/core/party-resolver.js,mergeParties(),,"Stored as an array. Roles the primary gained from this sub; unmerge removes each unless a filing slot still uses the primary in that role"
case_file,caseFile,parties[].mergeRecord.repointedSlots,Filing slots repointed to the primary,array<object>,,optional,,,none,persisted,derived,,,,,src/core/party-resolver.js,mergeParties(),,Every filing FK slot that referenced this sub at merge time; unmerge points each back at the sub if it still points at the primary
case_file,caseFile,parties[].mergeRecord.repointedSlots[].wardId,Repointed slot filing ID,string,,required,,,none,persisted,derived,,,,,src/core/party-resolver.js,mergeParties(),,Foreign key to caseFile.wards[].wardId
case_file,caseFile,parties[].mergeRecord.repointedSlots[].role,Repointed slot role,enum,,required,,guardian; attorney; preparer; ward,none,persisted,derived,,,,,src/core/party-resolver.js,mergeParties(),,Which FK slot on that filing (wardPartyId / attorneyPartyId / preparerPartyId / guardianPartyIds)
case_file,caseFile,parties[].mergeRecord.repointedSlots[].index,Repointed slot index,integer,,required,,,none,persisted,derived,,,,,src/core/party-resolver.js,mergeParties(),,Position within guardianPartyIds; 0 for the single-slot roles
case_file,caseFile,parties[].mergeRecord.repointedCases,Cases repointed to the primary,string,,optional,,,none,persisted,derived,,,,,src/core/party-resolver.js,mergeParties(),,Stored as an array of caseFile.cases[].id values whose wardPartyId referenced this sub at merge time
case_file,caseFile,cases,Cases,array<object>,,optional,,,legal-id,persisted,input,,,,,src/core/state.js,state.js module-level _caseFile,,Case registry
case_file,caseFile,dismissedPartyPairs,Dismissed party duplicate pairs,array<object>,,optional,,,none,persisted,input,,,,,src/core/state.js,state.js module-level _caseFile,,Duplicate-review decisions
case_file,caseFile,wards,Wards,array<object>,,optional,,,personal,persisted,input,,,,,src/core/state.js,state.js module-level _caseFile,,All filing records
case_file,caseFile,lastSavedFileName,Last saved file name,string,,optional,,,none,persisted,derived,,,,,src/core/state.js,state.js module-level _caseFile,,Persistence UI state
common,D,inventoryType,Filing inventory type,enum,,required,,guardian; simplified; annual; finalAccounting; trustAccounting; planSimplified; planAnnual; planInitial; planMinor,none,persisted,input,,,,,src/core/filing/filing-descriptor.js,shared across emptyData*() factories,,guardian; simplified; annual; finalAccounting; trustAccounting; planSimplified; planAnnual; planInitial; planMinor
common,D,wardName,Name of ward,string,,required,,,none,persisted,input,,,,,src/core/filing/models/,shared across emptyData*() factories,,Shared by all filings
common,D,caseNumber,Case number,string,,required,,,none,persisted,input,,,,,src/core/filing/models/,shared across emptyData*() factories,,Plan Minor keeps its Case # in ref (see the ucn row)
common,D,ucn,UCN (Uniform Case Number),string,,optional,,,none,persisted,input,,,,,src/core/filing/models/,shared across emptyData*() factories,,"Optional; printed in the page header beside Case # when present. A .sav saved before Milestone 63E lacks the key on every type except Plan Minor and reads as blank. Not carried in Excel: no bundled workbook has a UCN cell"
common,D,county,County,enum,,required,,FL_COUNTY_CIRCUIT keys (src/core/pdf/circuit-lookup.js),none,persisted,input,,,,,src/core/filing/models/,shared across emptyData*() factories,,Filing snapshot; first value selected on Cover; later new filings hydrate from the linked ward Party
common,D,periodFrom,Reporting/accounting period from,date,iso-date,conditional,annual filings and every Plan (Initial Plan since Milestone 68B; optional there before),,none,persisted,input,,,,,src/core/filing/models/,shared across emptyData*() factories,,ISO date YYYY-MM-DD
common,D,periodTo,Reporting/accounting period to,date,iso-date,conditional,annual filings and every Plan (Initial Plan since Milestone 68B; optional there before),,none,persisted,input,,,,,src/core/filing/models/,shared across emptyData*() factories,,ISO date YYYY-MM-DD
common,D,amendedForm,Amended form,enum,,conditional,some filings,Yes; No,none,persisted,input,,,,,src/core/filing/models/,shared across emptyData*() factories,,Tri-state Yes/No; new records begin unanswered ('') and explicit answers persist as Yes or No
common,D,amendedVersion,Amended version,string,,conditional,amendedForm is Yes,,none,persisted,input,,,,,src/core/filing/models/,shared across emptyData*() factories,,Required when amendedForm is Yes
common,D,guardian,Guardian name,string,,conditional,accounting,,none,persisted,input,,,,,src/core/filing/models/,shared across emptyData*() factories,,Primary guardian display name
common,D,attorney,Attorney name,string,,conditional,once an attorney is started (attorney-block.js isAttorneyStarted()): the Simplified Accounting since Milestone 71B; the Annual/Final/Trust Accountings and the Annual Plan since Milestone 72C,,none,persisted,input,,,,,src/core/filing/models/,shared across emptyData*() factories,,"Linked/display attorney name. Milestone 72C: the Annual family asked for it only through the attorney's ""/s/"" signature check, and the Annual Plan likewise, so a Bar number and email could export under a blank name; now an issue of its own on Part V and the Annual Plan's Signatures page."
common,D,typeOfGuardianship,Type of guardianship,enum,,conditional,accounting,Plenary; Limited; Guardian Advocate; Voluntary; Minor - Person; Minor - Property; Minor - Person - Property,none,persisted,input,,,,,src/core/filing/models/,shared across emptyData*() factories,,Existing control converted to GD-workslip-derived select; legacy free-text values are preserved as selected ad hoc options until user changes them.
common,D,gid,Guardianship inception date,date,iso-date,conditional,accounting/plans,,none,persisted,input,,,,,src/core/filing/models/,shared across emptyData*() factories,,ISO date
common,D,ssn,Social Security Number,string,ssn-ein,conditional,simplified accounting,,government-id,persisted,input,,,,,src/core/filing/models/,shared across emptyData*() factories,,Masked in form but exported in filing PDF
simplified_accounting,D,eligDepository,All property in designated depository,enum,,required,,Yes; No,none,persisted,input,,,,,src/core/state.js,emptyDataSimplified(),,Tri-state Yes/No eligibility gate; new records begin unanswered ('')
simplified_accounting,D,eligOnlyTransactions,Only permitted transactions,enum,,required,,Yes; No,none,persisted,input,,,,,src/core/state.js,emptyDataSimplified(),,Tri-state Yes/No eligibility gate; new records begin unanswered ('')
simplified_accounting,D,startingBalance,Starting balance,decimal,currency,required,,any amount; negative allowed (Milestone 71E D12),none,persisted,input,,,,,src/core/state.js,emptyDataSimplified(),,"Currency amount. '' = unanswered; 0 is an answer (Milestone 71E). A carried value is the prior filing's ending balance (Line 30, or Line 20 with no Schedule D figure; an Initial Inventory's Summary I total; a Simplified Accounting's remaining assets), rounded to cents by the Clerk's workbook's rule (roundCents()) and stored as a number; nothing is carried into or out of a Trust Accounting (src/core/filing/starting-balance-carry.js). Never clamped on open. No migration of stored values (AGENTS.md section 8 item 2)."
simplified_accounting,D,startingBalanceCarry,Starting balance carry record,object,,optional,,,none,persisted,derived,,,,,src/core/filing/starting-balance-carry.js,applyCarriedStartingBalance(),,"Milestone 71E. Written only by applyCarriedStartingBalance(). Absent = no carry recorded (typed by hand or created before 71E); the Starting Balance notes then do not appear. No migration."
simplified_accounting,D,startingBalanceCarry.sourceWardId,Carry source filing id,string,id,optional,,,none,persisted,derived,,,,,src/core/filing/starting-balance-carry.js,applyCarriedStartingBalance(),,"The source filing's wardId."
simplified_accounting,D,startingBalanceCarry.sourceLabel,Carry source label,string,,optional,,,none,persisted,derived,,,,,src/core/filing/starting-balance-carry.js,applyCarriedStartingBalance(),,"Form type and period only (e.g. Annual Accounting 03/15/2026–08/31/2026) -- no names -- so a note still reads if the source is deleted."
simplified_accounting,D,startingBalanceCarry.used,Carried figure,enum,,optional,,line30; line20; inventoryTotal; simplifiedRemaining; none-trust,none,persisted,derived,,,,,src/core/filing/starting-balance-carry.js,applyCarriedStartingBalance(),,"Which ending balance was carried (decisions D6 and D9)."
simplified_accounting,D,startingBalanceCarry.value,Carried value,decimal,currency,optional,,any amount; negative allowed,none,persisted,derived,,,,,src/core/filing/starting-balance-carry.js,applyCarriedStartingBalance(),,"The figure carried, rounded to cents; '' when used is none-trust."
simplified_accounting,D,startingBalanceCarry.line20,Source Line 20,decimal,currency,optional,,any amount,none,persisted,derived,,,,,src/core/filing/starting-balance-carry.js,applyCarriedStartingBalance(),,"Annual-family source only, rounded to cents; else ''."
simplified_accounting,D,startingBalanceCarry.line30,Source Line 30,decimal,currency,optional,,any amount,none,persisted,derived,,,,,src/core/filing/starting-balance-carry.js,applyCarriedStartingBalance(),,"Annual-family source only, rounded to cents; else ''."
simplified_accounting,D,startingBalanceCarry.carriedAt,Carried at,string,iso-datetime,optional,,,none,persisted,derived,,,,,src/core/filing/starting-balance-carry.js,applyCarriedStartingBalance(),,"When the carry ran."
simplified_accounting,D,interestIncome,Interest income,decimal,currency,required,,,none,persisted,input,,,,,src/core/state.js,emptyDataSimplified(),,Currency amount
simplified_accounting,D,depositsSettlement,Settlement deposits,decimal,currency,required,,,none,persisted,input,,,,,src/core/state.js,emptyDataSimplified(),,Currency amount
simplified_accounting,D,serviceCharges,Financial institution service charges,decimal,currency,required,,,none,persisted,input,,,,,src/core/state.js,emptyDataSimplified(),,Currency amount
simplified_accounting,D,federalIncomeTax,Federal income tax,decimal,currency,required,,,none,persisted,input,,,,,src/core/state.js,emptyDataSimplified(),,Currency amount
simplified_accounting,D,guardians[].name,Guardian printed name,string,,conditional,active guardian,,none,persisted,input,1,3,1,guardianPartyIds,src/core/form/schedule-definitions.js,SCHEDULE_SCHEMAS.guardians / emptyDataSimplified(),,"Repeatable guardian row. KNOWN SCHEMA DRIFT: the shared addCollectionRow('guardians',...) factory (schedule-definitions.js) produces officeStreet/officeCityStateZip on any row added past the initial 3, but Simplified's own seed rows and its rendering/validation code (simplified-accounting/index.js) use residenceStreet/residenceCityStateZip instead -- an added 4th+ guardian silently gets two dead keys and starts with blank address fields (not a visible bug, just latent inconsistency). Separately, simplified-accounting/excel.js hardcodes exactly 3 guardian slots (g1/g2/g3), so a 4th+ guardian is invisible to Excel export/import even though it prints correctly in the PDF. Found during Milestone 34-2 migration; not fixed here (documentation-only until a runtime-fix milestone is scoped)."
simplified_accounting,D,guardians[].ssn,Guardian SSN/EIN,string,ssn-ein,conditional,active guardian,,government-id,persisted,input,1,3,1,guardianPartyIds,src/core/form/schedule-definitions.js,SCHEDULE_SCHEMAS.guardians / emptyDataSimplified(),,Sensitive identifier
simplified_accounting,D,guardians[].phone,Guardian phone,string,phone,conditional,active guardian,,none,persisted,input,1,3,1,guardianPartyIds,src/core/form/schedule-definitions.js,SCHEDULE_SCHEMAS.guardians / emptyDataSimplified(),,Formatted phone
simplified_accounting,D,guardians[].email,Guardian email,string,email,optional,"advisory only: a warning, never a blocker, when no attorney is started (Milestone 72C; guardian-email.js guardianEmailAdvisories())",,personal,persisted,input,1,3,1,guardianPartyIds,src/core/form/schedule-definitions.js,SCHEDULE_SCHEMAS.guardians / emptyDataSimplified(),,"Milestone 72C: never an export blocker on any form. With no attorney, the print preview warns for each guardian in play without one -- Fla. R. Gen. Prac. & Jud. Admin. 2.515(c) expects each signer's e-mail address for service in the signature block when a document is filed electronically. It was required on Part IV until 72C."
simplified_accounting,D,guardians[].mailingStreet,Mailing street,string,,conditional,active guardian,,none,persisted,input,1,3,1,guardianPartyIds,src/core/form/schedule-definitions.js,SCHEDULE_SCHEMAS.guardians / emptyDataSimplified(),,Address component
simplified_accounting,D,guardians[].mailingCityStateZip,Mailing city/state/ZIP,string,zip,conditional,active guardian,,none,persisted,input,1,3,1,guardianPartyIds,src/core/form/schedule-definitions.js,SCHEDULE_SCHEMAS.guardians / emptyDataSimplified(),,Address component
simplified_accounting,D,guardians[].residenceStreet,Residence/corporate street,string,,conditional,active guardian,,none,persisted,input,1,3,1,guardianPartyIds,src/core/form/schedule-definitions.js,SCHEDULE_SCHEMAS.guardians / emptyDataSimplified(),,Address component
simplified_accounting,D,guardians[].residenceCityStateZip,Residence/corporate city/state/ZIP,string,zip,conditional,active guardian,,none,persisted,input,1,3,1,guardianPartyIds,src/core/form/schedule-definitions.js,SCHEDULE_SCHEMAS.guardians / emptyDataSimplified(),,Address component
simplified_accounting,D,guardians[].signatureDate,Guardian signature date,date,iso-date,conditional,"active guardian AND signatureState is 'typed' (Milestone 39-C)",,none,persisted,input,1,3,1,guardianPartyIds,src/core/form/schedule-definitions.js,SCHEDULE_SCHEMAS.guardians / emptyDataSimplified(),,"ISO date. Milestone 39-C narrowed this from unconditionally required (whenever active) to conditional on the new three-state signatureState field, same pattern as plan_simplified's 39-B pilot -- see checkSignatureState()."
simplified_accounting,D,guardians[].signatureState,Guardian signature state,enum,,optional,,none; typed; stamp,none,persisted,input,1,3,1,guardianPartyIds,src/core/validation/signature-state.js,checkSignatureState()/SIGNATURE_STATES,,"Milestone 39-C. Tri-state control (Unsigned/""/s/"" Signed/Signature Stamp); missing on legacy filings, inferred at read time via inferLegacySignatureState() -- never persisted as an inferred value, only when the filer actually interacts with the control."
simplified_accounting,D,guardians[].certifiesService,Guardian who served the copies and signs the certificate of service,boolean,,conditional,no attorney is started and more than one guardian is listed,,none,persisted,input,1,3,1,guardianPartyIds,src/core/filing/models/simplified.js,emptyDataSimplified(),,"Milestone 71B. The guardian who served the copies and signs the certificate of service when no attorney is started. At most one true (claimServiceCertifier()). A flag on the row, like isPreparer, because guardian rows have no stable id and are removed by position; deleting the row returns the answer to unanswered."
simplified_accounting,D,guardians[].signatureImage,Guardian signature stamp image (base64 PNG),string,base64-png,conditional,signatureState is 'stamp',,document-content,persisted,input,1,3,1,guardianPartyIds,src/core/signature/signature-pad.js,mountSignaturePad()/validateSignatureImage(),,"Milestone 39-C. Max 1024px width, max 100KB, PNG magic-byte validated. No reuse across filings yet -- see MILESTONE-39-PROPOSAL.md 39-D for the versioned per-party stamp this supersedes."
simplified_accounting,D,attorney_barNumber,Attorney bar number,string,bar-number,conditional,an attorney is started (Milestone 71B; attorney-block.js isAttorneyStarted()),,none,persisted,input,,,,,src/core/state.js,emptyDataSimplified(),,Normalized identifier
simplified_accounting,D,attorney_phone,Attorney phone,string,phone,conditional,an attorney is started (Milestone 71B; attorney-block.js isAttorneyStarted()),,none,persisted,input,,,,,src/core/state.js,emptyDataSimplified(),,Formatted phone
simplified_accounting,D,attorney_email,Attorney email,string,email,conditional,an attorney is started (Milestone 71B; attorney-block.js isAttorneyStarted()),,personal,persisted,input,,,,,src/core/state.js,emptyDataSimplified(),,"Milestone 55D: enforces the required asterisk this field already rendered (inpS(...,true,'email')) with no matching validator rule -- unconditional, matching its sibling bar/phone/street/cityStateZip fields in the same Part V block."
simplified_accounting,D,attorney_secondaryEmail,Attorney secondary email,string,email,optional,,,personal,persisted,input,,,,,src/core/filing/models/simplified.js,emptyDataSimplified(),,"Milestone 72B: Part V has always collected it (Secondary Email (optional)); now in the model, and carried with the primary email by carry-over and conversion. Email address"
simplified_accounting,D,attorney_street,Attorney street,string,,conditional,an attorney is started (Milestone 71B; attorney-block.js isAttorneyStarted()),,none,persisted,input,,,,,src/core/state.js,emptyDataSimplified(),,Address component
simplified_accounting,D,attorney_cityStateZip,Attorney city/state/ZIP,string,zip,conditional,an attorney is started (Milestone 71B; attorney-block.js isAttorneyStarted()),,none,persisted,input,,,,,src/core/state.js,emptyDataSimplified(),,Address component
simplified_accounting,D,attorney_signatureDate,Attorney signature date,date,iso-date,conditional,"signatureState is 'typed' (Milestone 39-C)",,none,persisted,input,,,,,src/core/state.js,emptyDataSimplified(),,"ISO date. Corrected from an unconditional ""required"" (validateSimplified() only ever order-checked this field, confirmed directly -- no req() call existed) to conditional on the new signatureState field."
simplified_accounting,D,attorney_signatureState,Attorney signature state,enum,,optional,,none; typed; stamp,none,persisted,input,,,,,src/core/validation/signature-state.js,checkSignatureState()/SIGNATURE_STATES,,"Milestone 39-C. Same tri-state control as the guardian row, rolled out to the scalar-shaped Attorney (Part V) card. name is omitted from checkSignatureState() here: d.attorney (the attorney's name) is already independently required at Cover, so passing it again would just duplicate that message for the same blank field."
simplified_accounting,D,attorney_signatureImage,Attorney signature stamp image (base64 PNG),string,base64-png,conditional,signatureState is 'stamp',,document-content,persisted,input,,,,,src/core/signature/signature-pad.js,mountSignaturePad()/validateSignatureImage(),,Milestone 39-C. Same constraints as the guardian row's signatureImage.
simplified_accounting,D,certServiceDate,Certificate service date,date,iso-date,required,,,none,persisted,input,,,,,src/core/state.js,emptyDataSimplified(),,ISO date; should be checked against period
simplified_accounting,D,certAttySignDate,Certificate attorney signature date,date,iso-date,conditional,"signatureState is 'typed' (Milestone 39-C)",,none,persisted,input,,,,,src/core/state.js,emptyDataSimplified(),,"ISO date. Corrected from ""optional"" (no requiredness of any kind, not even order-check -- confirmed absent from validateSimplified() entirely during the 39-C inventory audit) to conditional on the new signatureState field."
simplified_accounting,D,certAttySignatureState,Certificate attorney signature state,enum,,optional,,none; typed; stamp,none,persisted,input,,,,,src/core/validation/signature-state.js,checkSignatureState()/SIGNATURE_STATES,,"Milestone 39-C. Same tri-state control, rolled out to the Part VI Certificate-of-Service Attorney card -- a card the original 39-C draft table omitted entirely, found during the inventory audit. name omitted from checkSignatureState() for the same reason as attorney_signatureState above: this card's ""Attorney Name"" field is the same shared, independently-required d.attorney."
simplified_accounting,D,certAttySignatureImage,Certificate attorney signature stamp image (base64 PNG),string,base64-png,conditional,signatureState is 'stamp',,document-content,persisted,input,,,,,src/core/signature/signature-pad.js,mountSignaturePad()/validateSignatureImage(),,Milestone 39-C. Same constraints as the guardian row's signatureImage.
simplified_accounting,D,certAttyBarNumber,Certificate attorney bar number,string,bar-number,optional,,,none,persisted,input,,,,,src/core/state.js,emptyDataSimplified(),,Identifier
simplified_accounting,D,certAttyPhone,Certificate attorney phone,string,phone,optional,,,none,persisted,input,,,,,src/core/state.js,emptyDataSimplified(),,Formatted phone
simplified_accounting,D,certAttyStreet,Certificate attorney street,string,,optional,,,none,persisted,input,,,,,src/core/state.js,emptyDataSimplified(),,Address component
simplified_accounting,D,certAttyCityStateZip,Certificate attorney city/state/ZIP,string,zip,optional,,,none,persisted,input,,,,,src/core/state.js,emptyDataSimplified(),,Address component
simplified_accounting,D,certGuardianSignDate,Certificate-of-service guardian signature date,date,iso-date,conditional,no attorney is started and signatureState is typed (Milestone 71B),,none,persisted,input,,,,,src/core/filing/models/simplified.js,emptyDataSimplified(),,"Milestone 71B. The guardian's certificate-of-service signature, used only while no attorney is started; the attorney certificate fields are kept, untouched, for when one is."
simplified_accounting,D,certGuardianSignatureState,Certificate-of-service guardian signature state,enum,,optional,,none; typed; stamp,none,persisted,input,,,,,src/core/validation/signature-state.js,checkSignatureState()/SIGNATURE_STATES,,"Milestone 71B. The guardian's certificate-of-service signature, used only while no attorney is started; the attorney certificate fields are kept, untouched, for when one is."
simplified_accounting,D,certGuardianSignatureImage,Certificate-of-service guardian signature stamp image (base64 PNG),string,base64-png,conditional,signatureState is 'stamp',,document-content,persisted,input,,,,,src/core/signature/signature-pad.js,mountSignaturePad(),,"Milestone 71B. The guardian's certificate-of-service signature, used only while no attorney is started; the attorney certificate fields are kept, untouched, for when one is."
simplified_accounting,D,certIndicator,Certificate indicator,string,,optional,,,none,persisted,input,,,,,src/core/state.js,emptyDataSimplified(),,Service/certification choice
simplified_accounting,D,certRecipients[].name,Service recipient name,string,,conditional,populated row,,none,persisted,input,1,unbounded,4,,src/core/form/schedule-definitions.js,SCHEDULE_SCHEMAS.certRecipients / emptyDataSimplified(),,Repeatable row
simplified_accounting,D,certRecipients[].line2,Service recipient address line 2,string,,optional,,,none,persisted,input,1,unbounded,4,,src/core/form/schedule-definitions.js,SCHEDULE_SCHEMAS.certRecipients / emptyDataSimplified(),,Address/free text
simplified_accounting,D,certRecipients[].line3,Service recipient address line 3,string,,optional,,,none,persisted,input,1,unbounded,4,,src/core/form/schedule-definitions.js,SCHEDULE_SCHEMAS.certRecipients / emptyDataSimplified(),,Address/free text
simplified_accounting,D,certRecipients[].line4,Service recipient address line 4,string,,optional,,,none,persisted,input,1,unbounded,4,,src/core/form/schedule-definitions.js,SCHEDULE_SCHEMAS.certRecipients / emptyDataSimplified(),,Address/free text
simplified_accounting,D,certNoRecipients,No certificate-of-service recipients required (filer attestation),enum,,conditional,no recipient is listed,Yes; No,none,persisted,input,,,,,src/core/state.js,emptyDataSimplified(),,"Milestone 57B tri-state filer attestation, never coerced (section 4). Asked only when no recipient is listed (D16). A .sav written before 57B has no value and must read as '' -- an empty recipient list never infers 'Yes'. Never carried across a filing conversion: all four mappers reset it to '' (D7)."
simplified_accounting,D,remuneration[].guardian,Remuneration guardian,string,,conditional,row used,,none,persisted,input,0,unbounded,2,,src/core/form/schedule-definitions.js,SCHEDULE_SCHEMAS.remuneration / emptyDataSimplified(),,Required when row used
simplified_accounting,D,remuneration[].type,Remuneration type,string,,conditional,row used,,none,persisted,input,0,unbounded,2,,src/core/form/schedule-definitions.js,SCHEDULE_SCHEMAS.remuneration / emptyDataSimplified(),,Required when row used
simplified_accounting,D,remuneration[].description,Remuneration description,string,,optional,,,none,persisted,input,0,unbounded,2,,src/core/form/schedule-definitions.js,SCHEDULE_SCHEMAS.remuneration / emptyDataSimplified(),,Free text
simplified_accounting,D,remuneration[].amount,Remuneration amount,decimal,currency,optional,,,none,persisted,input,0,unbounded,2,,src/core/form/schedule-definitions.js,SCHEDULE_SCHEMAS.remuneration / emptyDataSimplified(),,Currency amount
annual_accounting,D,filingType,Filing type,enum,,required,,Annual; Final; Trust,none,persisted,input,,,,,src/core/state.js,emptyDataAnnual(),,Annual; Final; Trust
annual_accounting,D,relatedCaseNumbers,Related case numbers,string,,optional,,,none,persisted,input,,,,,src/core/state.js,emptyDataAnnual(),,Case relationship metadata
annual_accounting,D,startingBalance,Starting balance,decimal,currency,required,,any amount; negative allowed (Milestone 71E D12),none,persisted,input,,,,,src/core/state.js,emptyDataAnnual(),,"Currency amount. '' = unanswered; 0 is an answer (Milestone 71E). A carried value is the prior filing's ending balance (Line 30, or Line 20 with no Schedule D figure; an Initial Inventory's Summary I total; a Simplified Accounting's remaining assets), rounded to cents by the Clerk's workbook's rule (roundCents()) and stored as a number; nothing is carried into or out of a Trust Accounting (src/core/filing/starting-balance-carry.js). Never clamped on open. No migration of stored values (AGENTS.md section 8 item 2)."
annual_accounting,D,startingBalanceCarry,Starting balance carry record,object,,optional,,,none,persisted,derived,,,,,src/core/filing/starting-balance-carry.js,applyCarriedStartingBalance(),,"Milestone 71E. Written only by applyCarriedStartingBalance(). Absent = no carry recorded (typed by hand or created before 71E); the Starting Balance notes then do not appear. No migration."
annual_accounting,D,startingBalanceCarry.sourceWardId,Carry source filing id,string,id,optional,,,none,persisted,derived,,,,,src/core/filing/starting-balance-carry.js,applyCarriedStartingBalance(),,"The source filing's wardId."
annual_accounting,D,startingBalanceCarry.sourceLabel,Carry source label,string,,optional,,,none,persisted,derived,,,,,src/core/filing/starting-balance-carry.js,applyCarriedStartingBalance(),,"Form type and period only (e.g. Annual Accounting 03/15/2026–08/31/2026) -- no names -- so a note still reads if the source is deleted."
annual_accounting,D,startingBalanceCarry.used,Carried figure,enum,,optional,,line30; line20; inventoryTotal; simplifiedRemaining; none-trust,none,persisted,derived,,,,,src/core/filing/starting-balance-carry.js,applyCarriedStartingBalance(),,"Which ending balance was carried (decisions D6 and D9)."
annual_accounting,D,startingBalanceCarry.value,Carried value,decimal,currency,optional,,any amount; negative allowed,none,persisted,derived,,,,,src/core/filing/starting-balance-carry.js,applyCarriedStartingBalance(),,"The figure carried, rounded to cents; '' when used is none-trust."
annual_accounting,D,startingBalanceCarry.line20,Source Line 20,decimal,currency,optional,,any amount,none,persisted,derived,,,,,src/core/filing/starting-balance-carry.js,applyCarriedStartingBalance(),,"Annual-family source only, rounded to cents; else ''."
annual_accounting,D,startingBalanceCarry.line30,Source Line 30,decimal,currency,optional,,any amount,none,persisted,derived,,,,,src/core/filing/starting-balance-carry.js,applyCarriedStartingBalance(),,"Annual-family source only, rounded to cents; else ''."
annual_accounting,D,startingBalanceCarry.carriedAt,Carried at,string,iso-datetime,optional,,,none,persisted,derived,,,,,src/core/filing/starting-balance-carry.js,applyCarriedStartingBalance(),,"When the carry ran."
annual_accounting,D,guardians[].name,Guardian name,string,,conditional,active guardian,,none,persisted,input,1,3,1,guardianPartyIds,src/core/form/schedule-definitions.js,SCHEDULE_SCHEMAS.guardians / emptyDataAnnual(),,Up to three rows
annual_accounting,D,guardians[].ssn,Guardian SSN/EIN,string,ssn-ein,conditional,active guardian,,government-id,persisted,input,1,3,1,guardianPartyIds,src/core/form/schedule-definitions.js,SCHEDULE_SCHEMAS.guardians / emptyDataAnnual(),,Sensitive identifier
annual_accounting,D,guardians[].phone,Guardian phone,string,phone,conditional,active guardian,,none,persisted,input,1,3,1,guardianPartyIds,src/core/form/schedule-definitions.js,SCHEDULE_SCHEMAS.guardians / emptyDataAnnual(),,Formatted phone
annual_accounting,D,guardians[].email,Guardian email,string,email,optional,"advisory only: a warning, never a blocker, when no attorney is started (Milestone 72C; guardian-email.js guardianEmailAdvisories())",,personal,persisted,input,1,3,1,guardianPartyIds,src/core/form/schedule-definitions.js,SCHEDULE_SCHEMAS.guardians / emptyDataAnnual(),,"Milestone 72C: never an export blocker on any form. With no attorney, the print preview warns for each guardian in play without one -- Fla. R. Gen. Prac. & Jud. Admin. 2.515(c) expects each signer's e-mail address for service in the signature block when a document is filed electronically. Part III marked it required with no validator rule; the marker is gone."
annual_accounting,D,guardians[].mailingStreet,Guardian mailing street,string,,conditional,active guardian,,none,persisted,input,1,3,1,guardianPartyIds,src/core/form/schedule-definitions.js,SCHEDULE_SCHEMAS.guardians / emptyDataAnnual(),,Address component
annual_accounting,D,guardians[].mailingCityStateZip,Guardian mailing city/state/ZIP,string,zip,conditional,active guardian,,none,persisted,input,1,3,1,guardianPartyIds,src/core/form/schedule-definitions.js,SCHEDULE_SCHEMAS.guardians / emptyDataAnnual(),,Address component
annual_accounting,D,guardians[].officeStreet,Guardian office/residence street,string,,conditional,active guardian,,none,persisted,input,1,3,1,guardianPartyIds,src/core/form/schedule-definitions.js,SCHEDULE_SCHEMAS.guardians / emptyDataAnnual(),,Address component
annual_accounting,D,guardians[].officeCityStateZip,Guardian office/residence city/state/ZIP,string,zip,conditional,active guardian,,none,persisted,input,1,3,1,guardianPartyIds,src/core/form/schedule-definitions.js,SCHEDULE_SCHEMAS.guardians / emptyDataAnnual(),,Address component
annual_accounting,D,guardians[].signatureDate,Guardian signature date,date,iso-date,conditional,"active guardian AND signatureState is 'typed' (Milestone 39-C)",,none,persisted,input,1,3,1,guardianPartyIds,src/core/form/schedule-definitions.js,SCHEDULE_SCHEMAS.guardians / emptyDataAnnual(),,"ISO date. Milestone 39-C narrowed this from unconditionally required (whenever active) to conditional on the new three-state signatureState field, same pattern as plan_simplified's 39-B pilot -- see checkSignatureState()."
annual_accounting,D,guardians[].signatureState,Guardian signature state,enum,,optional,,none; typed; stamp,none,persisted,input,1,3,1,guardianPartyIds,src/core/validation/signature-state.js,checkSignatureState()/SIGNATURE_STATES,,"Milestone 39-C. Tri-state control (Unsigned/""/s/"" Signed/Signature Stamp); missing on legacy filings, inferred at read time via inferLegacySignatureState() -- never persisted as an inferred value, only when the filer actually interacts with the control."
annual_accounting,D,guardians[].signatureImage,Guardian signature stamp image (base64 PNG),string,base64-png,conditional,signatureState is 'stamp',,document-content,persisted,input,1,3,1,guardianPartyIds,src/core/signature/signature-pad.js,mountSignaturePad()/validateSignatureImage(),,"Milestone 39-C. Max 1024px width, max 100KB, PNG magic-byte validated. No reuse across filings yet -- see MILESTONE-39-PROPOSAL.md 39-D for the versioned per-party stamp this supersedes."
annual_accounting,D,guardians[].signatureDateLabel,Guardian signature date label,string,,optional,,,none,persisted,input,1,3,1,guardianPartyIds,src/core/form/schedule-definitions.js,SCHEDULE_SCHEMAS.guardians / emptyDataAnnual(),,Display metadata
annual_accounting,D,guardians[].isPreparer,Guardian identified as the filing's preparer,boolean,,optional,,,none,persisted,input,1,3,1,guardianPartyIds,src/core/form/schedule-definitions.js,SCHEDULE_SCHEMAS.guardians / emptyDataAnnual(),,"Milestone 67A. ""This person prepared this filing (no outside preparer)"" on the Part III guardian card. At most one of guardians[].isPreparer / attorney_isPreparer is true -- claimPreparer() (src/core/form/preparer-flag.js) clears the others at write time. While set: the Part IV preparer block is not required, is hidden behind a notice naming this guardian, is not written to the workbook, and the PDF prints ""Prepared by <name>, guardian. No outside preparer."" Lives on the row, so it is removed with the guardian. Missing on a legacy .sav reads as unset -- nothing changes for an existing filing."
annual_accounting,D,guardians[].certifiesService,Guardian who served the copies and signs the certificate of service,boolean,,conditional,no attorney is started and more than one guardian is listed,,none,persisted,input,1,3,1,guardianPartyIds,src/core/form/schedule-definitions.js,SCHEDULE_SCHEMAS.guardians / emptyDataAnnual(),,"Milestone 71B. The guardian who served the copies and signs the certificate of service when no attorney is started. At most one true (claimServiceCertifier()). A flag on the row, like isPreparer, because guardian rows have no stable id and are removed by position; deleting the row returns the answer to unanswered."
annual_accounting,D,preparer.name,Preparer name,string,,conditional,no guardian or attorney is flagged as the preparer (Milestone 67A),,none,persisted,input,,,,,src/core/state.js,emptyDataAnnual(),,Party field. Milestone 67A: not required while a guardian or the attorney is identified as the preparer; anything entered is kept but not filed.
annual_accounting,D,preparer.ssn,Preparer SSN/EIN,string,ssn-ein,conditional,no guardian or attorney is flagged as the preparer (Milestone 67A),,government-id,persisted,input,,,,,src/core/state.js,emptyDataAnnual(),,Sensitive identifier. Milestone 67A: was recorded as optional while validateAnnual() required it (MILESTONE-67-PROPOSAL.md discovery note D-2); now conditional like the rest of the block.
annual_accounting,D,preparer.phone,Preparer phone,string,phone,conditional,no guardian or attorney is flagged as the preparer (Milestone 67A),,none,persisted,input,,,,,src/core/state.js,emptyDataAnnual(),,Formatted phone. Milestone 67A: see preparer.name.
annual_accounting,D,preparer.street,Preparer street,string,,conditional,no guardian or attorney is flagged as the preparer (Milestone 67A),,none,persisted,input,,,,,src/core/state.js,emptyDataAnnual(),,Address component. Milestone 67A: see preparer.name.
annual_accounting,D,preparer.cityStateZip,Preparer city/state/ZIP,string,zip,conditional,no guardian or attorney is flagged as the preparer (Milestone 67A),,none,persisted,input,,,,,src/core/state.js,emptyDataAnnual(),,Address component. Milestone 67A: see preparer.name.
annual_accounting,D,preparer.signatureDate,Preparer signature date,date,iso-date,conditional,"signatureState is 'typed' (Milestone 39-C)",,none,persisted,input,,,,,src/core/state.js,emptyDataAnnual(),,"ISO date. Milestone 39-C narrowed this from unconditionally required to conditional on the new signatureState field -- d.preparer.name stays independently, unconditionally required regardless."
annual_accounting,D,preparer.signatureState,Preparer signature state,enum,,optional,,none; typed; stamp,none,persisted,input,,,,,src/core/validation/signature-state.js,checkSignatureState()/SIGNATURE_STATES,,"Milestone 39-C. Same tri-state control as the guardian row, rolled out to the nested-object-shaped Preparer (Part IV) card. name omitted from checkSignatureState() here: d.preparer.name is already unconditionally required."
annual_accounting,D,preparer.signatureImage,Preparer signature stamp image (base64 PNG),string,base64-png,conditional,signatureState is 'stamp',,document-content,persisted,input,,,,,src/core/signature/signature-pad.js,mountSignaturePad()/validateSignatureImage(),,Milestone 39-C. Same constraints as the guardian row's signatureImage.
annual_accounting,D,attorney_bar,Attorney bar number,string,bar-number,conditional,an attorney is started (Milestone 71B; attorney-block.js isAttorneyStarted()),,none,persisted,input,,,,,src/core/state.js,emptyDataAnnual(),,Identifier
annual_accounting,D,attorney_phone,Attorney phone,string,phone,conditional,an attorney is started (Milestone 71B; attorney-block.js isAttorneyStarted()),,none,persisted,input,,,,,src/core/state.js,emptyDataAnnual(),,Formatted phone
annual_accounting,D,attorney_email,Attorney email,string,email,conditional,an attorney is started (Milestone 71B; attorney-block.js isAttorneyStarted()),,personal,persisted,input,,,,,src/core/state.js,emptyDataAnnual(),,"Milestone 55D: enforces the required asterisk this field already rendered (inpD(...,true,'email')) with no matching validator rule -- unconditional, matching its sibling bar/phone/street/cityStateZip fields in the same Part V block."
annual_accounting,D,attorney_secondaryEmail,Attorney secondary email,string,email,optional,,,personal,persisted,input,,,,,src/core/filing/models/annual.js,emptyDataAnnual(),,"Milestone 72B: Part V has always collected it (Secondary Email (optional)); now in the model, and carried with the primary email by carry-over and conversion. Email address"
annual_accounting,D,attorney_street,Attorney street,string,,conditional,an attorney is started (Milestone 71B; attorney-block.js isAttorneyStarted()),,none,persisted,input,,,,,src/core/state.js,emptyDataAnnual(),,Address component
annual_accounting,D,attorney_cityStateZip,Attorney city/state/ZIP,string,zip,conditional,an attorney is started (Milestone 71B; attorney-block.js isAttorneyStarted()),,none,persisted,input,,,,,src/core/state.js,emptyDataAnnual(),,Address component
annual_accounting,D,attorney_county,Attorney county,string,,optional,,,none,persisted,input,,,,,src/core/state.js,emptyDataAnnual(),,Initial value blank (Milestone 40C-A removed its Pinellas default); separate field from the filing county and never populated from the ward county; validation candidate
annual_accounting,D,attorney_signatureDate,Attorney signature date,date,iso-date,conditional,"signatureState is 'typed' (Milestone 39-C)",,none,persisted,input,,,,,src/core/state.js,emptyDataAnnual(),,"ISO date. Milestone 39-C narrowed this from unconditionally required to conditional on the new signatureState field."
annual_accounting,D,attorney_signatureState,Attorney signature state,enum,,optional,,none; typed; stamp,none,persisted,input,,,,,src/core/validation/signature-state.js,checkSignatureState()/SIGNATURE_STATES,,"Milestone 39-C. Same tri-state control as the guardian row, rolled out to the scalar-shaped Attorney (Part V) card. name IS passed to checkSignatureState() here: unlike Preparer, d.attorney (the attorney's own name) is never independently required anywhere in validateAnnual() -- confirmed directly."
annual_accounting,D,attorney_signatureImage,Attorney signature stamp image (base64 PNG),string,base64-png,conditional,signatureState is 'stamp',,document-content,persisted,input,,,,,src/core/signature/signature-pad.js,mountSignaturePad()/validateSignatureImage(),,Milestone 39-C. Same constraints as the guardian row's signatureImage.
annual_accounting,D,attorney_isPreparer,Attorney identified as the filing's preparer,boolean,,optional,,,none,persisted,input,,,,,src/core/state.js,emptyDataAnnual(),,"Milestone 67A. The Part V attorney card's ""This person prepared this filing"" box; the flat-key twin of guardians[].isPreparer, which see. Prints ""Prepared by <name>, guardian's attorney. No outside preparer."""
annual_accounting,D,attorneyWaiverBasis,Why the guardian files with no attorney,enum,,optional,,guardian-advocate; court-order; self-represented-attorney,none,persisted,input,,,,,src/core/filing/models/annual.js,emptyDataAnnual(),,"Milestone 71B. Asked only while no attorney is started; blank = unanswered, never defaulted (Type of Guardianship ""Guardian Advocate"" shows a hint, not an answer). Unanswered is a Preview & Export note, never an export block (src/core/filing/unrepresented-filing.js)."
annual_accounting,D,attorneyWaiverOrderDate,Date of the order waiving representation by an attorney,date,iso-date,optional,,,none,persisted,input,,,,,src/core/filing/models/annual.js,emptyDataAnnual(),,"Milestone 71B. Shown when attorneyWaiverBasis is court-order; a blank date then raises a Preview & Export note, never an export block. The waiver may be in the Order Appointing Guardian or an approved Report and Recommendation of Magistrate."
annual_accounting,D,reconcileExplanation,Reconciliation explanation,string,,conditional,accounting does not reconcile,,none,persisted,input,,,,,src/core/state.js,emptyDataAnnual(),,Required when accounting does not reconcile
annual_accounting,D,guardianRelationship,Guardian relationship,string,,required,,,none,persisted,input,,,,,src/core/state.js,emptyDataAnnual(),,Part IX bond section
annual_accounting,D,bondDepositoryState,Bond / restricted depository arrangement,enum,,optional,,depository-only; bond-and-depository; bond-only; bond-waived,none,persisted,input,,,,,src/core/state.js,emptyDataAnnual(),,"Milestone 67B. The tester's four-state question on Part IX, replacing the 57A restrictedDepository tri-state (removed; inferred on load by src/core/filing/bond-depository.js: Yes or a receipt date -> depository-only, or bond-and-depository with bond details; bond details alone -> bond-only; nothing -> '' -- never coerced). Each state reveals only its fields, none required: nothing in the bond block gates export (advisory on the print preview instead); the sidebar asks for it (sidebar-only rule). No workbook cell; not written, and an import never resets it. Records the arrangement only -- the bond calculation still comes from the schedules' Restricted? flags."
annual_accounting,D,restrictedDepositoryReceiptDate,Restricted depository receipt date,date,iso-date,optional,,,none,persisted,input,,,,,src/core/state.js,emptyDataAnnual(),,ISO date. Milestone 67B: revealed by the two depository states; written to PART IX G9 as before.
annual_accounting,D,bondWaivedDate,Date of the order waiving the bond,date,iso-date,optional,,,none,persisted,input,,,,,src/core/state.js,emptyDataAnnual(),,"Milestone 67B. New on Annual; revealed by the bond-waived state. The Annual workbook has no cell for it (PART IX has no waiver line), so it reaches the PDF only: ""Bond waived by court order dated <date>."""
annual_accounting,D,bondAmount,Bond amount,decimal,currency,optional,,,none,persisted,input,,,,,src/core/state.js,emptyDataAnnual(),,Currency amount
annual_accounting,D,bondPeriodFrom,Bond period from,date,iso-date,optional,,,none,persisted,input,,,,,src/core/state.js,emptyDataAnnual(),,ISO date
annual_accounting,D,bondPeriodTo,Bond period to,date,iso-date,optional,,,none,persisted,input,,,,,src/core/state.js,emptyDataAnnual(),,ISO date
annual_accounting,D,bondingCompany,Bonding company,string,,optional,,,none,persisted,input,,,,,src/core/state.js,emptyDataAnnual(),,Party/company name
annual_accounting,D,certDate,Certificate of service date,date,iso-date,required,,,none,persisted,input,,,,,src/core/state.js,emptyDataAnnual(),,ISO date
annual_accounting,D,certIndicator,Certificate indicator,string,,optional,,,none,persisted,input,,,,,src/core/state.js,emptyDataAnnual(),,Service/certification choice
annual_accounting,D,certAttySignDate,Certificate-of-service attorney signature date,date,iso-date,conditional,"signatureState is 'typed' (Milestone 39-C)",,none,persisted,input,,,,,src/core/state.js,emptyDataAnnual(),,"ISO date. Missing from the CSV entirely until now -- this Part X attorney card had no requiredness of any kind before Milestone 39-C (not even order-check-only), confirmed absent from validateAnnual() during the 39-C inventory audit."
annual_accounting,D,certAttySignatureState,Certificate-of-service attorney signature state,enum,,optional,,none; typed; stamp,none,persisted,input,,,,,src/core/validation/signature-state.js,checkSignatureState()/SIGNATURE_STATES,,"Milestone 39-C. Same tri-state control, rolled out to the Part X Certificate-of-Service Attorney card -- a second, separate attorney card from Part V's. name IS passed to checkSignatureState() here for the same reason as attorney_signatureState above: this card's ""Attorney Name"" field is the same shared, never-independently-required d.attorney."
annual_accounting,D,certAttySignatureImage,Certificate-of-service attorney signature stamp image (base64 PNG),string,base64-png,conditional,signatureState is 'stamp',,document-content,persisted,input,,,,,src/core/signature/signature-pad.js,mountSignaturePad()/validateSignatureImage(),,Milestone 39-C. Same constraints as the guardian row's signatureImage.
annual_accounting,D,certGuardianSignDate,Certificate-of-service guardian signature date,date,iso-date,conditional,no attorney is started and signatureState is typed (Milestone 71B),,none,persisted,input,,,,,src/core/filing/models/annual.js,emptyDataAnnual(),,"Milestone 71B. The guardian's certificate-of-service signature, used only while no attorney is started; the attorney certificate fields are kept, untouched, for when one is."
annual_accounting,D,certGuardianSignatureState,Certificate-of-service guardian signature state,enum,,optional,,none; typed; stamp,none,persisted,input,,,,,src/core/validation/signature-state.js,checkSignatureState()/SIGNATURE_STATES,,"Milestone 71B. The guardian's certificate-of-service signature, used only while no attorney is started; the attorney certificate fields are kept, untouched, for when one is."
annual_accounting,D,certGuardianSignatureImage,Certificate-of-service guardian signature stamp image (base64 PNG),string,base64-png,conditional,signatureState is 'stamp',,document-content,persisted,input,,,,,src/core/signature/signature-pad.js,mountSignaturePad(),,"Milestone 71B. The guardian's certificate-of-service signature, used only while no attorney is started; the attorney certificate fields are kept, untouched, for when one is."
annual_accounting,D,remuneration[].guardian,Remuneration guardian,string,,conditional,row is populated,,none,persisted,input,0,unbounded,0,,src/core/form/schedule-definitions.js,SCHEDULE_SCHEMAS.remuneration / emptyDataAnnual(),,Repeatable row
annual_accounting,D,remuneration[].type,Remuneration type,string,,conditional,row is populated,,none,persisted,input,0,unbounded,0,,src/core/form/schedule-definitions.js,SCHEDULE_SCHEMAS.remuneration / emptyDataAnnual(),,Repeatable row
annual_accounting,D,remuneration[].amount,Remuneration amount,decimal,currency,conditional,row is populated,,none,persisted,input,0,unbounded,0,,src/core/form/schedule-definitions.js,SCHEDULE_SCHEMAS.remuneration / emptyDataAnnual(),,Currency amount
annual_accounting,D,remuneration[].description,Remuneration description,string,,optional,,,none,persisted,input,0,unbounded,0,,src/core/form/schedule-definitions.js,SCHEDULE_SCHEMAS.remuneration / emptyDataAnnual(),,Free text
annual_accounting,D,scheduleNoItems,Schedule no-items confirmations,object,,optional,,,none,persisted,input,,,,,src/features/annual-accounting/index.js,scheduleEmptyHTMLAnnual() / computeNavChecks(),,Dynamic schedule-keyed confirmation map created on demand rather than by emptyDataAnnual(). Milestone 36-5 added the 'a-p8' key so Part VIII can be completed by certifying there are no trusts. Missing keys read as false so a .sav saved before a key existed treats that schedule as unconfirmed.
simplified_accounting,D,scheduleNoItems,Schedule no-items confirmations,object,,optional,,,none,persisted,input,,,,,src/features/simplified-accounting/index.js,pagePart7() / computeNavChecks() / validateSimplified(),,"Milestone 60J: only the remuneration key is used, and it is the Part VII declaration required by s. 744.367(3)(a) -- ticking it is an affirmative statement that none was received, and export is blocked until Part VII is answered either way (mirrors annual_accounting scheduleNoItems.remuneration, Milestone 58D). Created on demand; a missing key reads as false."
annual_accounting,D,scheduleDocsAck,Supplemental-documentation acknowledgements by period,object,,optional,,,none,persisted,input,,,,,src/core/filing/schedule-doc-ack.js,normalizeScheduleDocsAck() / recordScheduleAck(),,Milestone 57C-R. Period-keyed then schedule-keyed: { [periodKey]: { a1: true } }. periodKey comes from resolveActiveDocPeriod() -- the same resolver scheduleDocs uses -- so a new reporting period re-asks. Advisory only: raises no validation issue and is not read by computeNavChecks()
annual_accounting,D,trusts[].hasTrust,Has trust,enum,,required,,Yes; No,none,persisted,input,3,3,3,,src/core/filing/models/annual.js,emptyRowAnnual('trust') / emptyDataAnnual(),,Tri-state Yes/No; new records begin unanswered (''). Fixed at exactly 3 rows -- no add/remove UI; visibility gated only by a hasTrust==='Yes' toggle on row 0.
annual_accounting,D,trusts[].createdAfterGID,Created after GID,enum,,required,,Yes; No,none,persisted,input,3,3,3,,src/core/filing/models/annual.js,emptyRowAnnual('trust') / emptyDataAnnual(),,Tri-state Yes/No; new records begin unanswered ('')
annual_accounting,D,trusts[].name,Trust name,string,,conditional,trust exists,,none,persisted,input,3,3,3,,src/core/filing/models/annual.js,emptyRowAnnual('trust') / emptyDataAnnual(),,Required when trust exists
annual_accounting,D,trusts[].trustee,Trustee,string,,conditional,trust exists (hasTrust === 'Yes'),,none,persisted,input,3,3,3,,src/core/filing/models/annual.js,emptyRowAnnual('trust') / emptyDataAnnual(),,Party name
annual_accounting,D,trusts[].accountNo,Trust account number,string,,optional,,,financial,persisted,input,3,3,3,,src/core/filing/models/annual.js,emptyRowAnnual('trust') / emptyDataAnnual(),,Financial identifier
annual_accounting,D,trusts[].dateCreated,Trust creation date,date,iso-date,optional,,,none,persisted,input,3,3,3,,src/core/filing/models/annual.js,emptyRowAnnual('trust') / emptyDataAnnual(),,ISO date
annual_accounting,D,trusts[].trustType,Trust type,string,,optional,,,none,persisted,input,3,3,3,,src/core/filing/models/annual.js,emptyRowAnnual('trust') / emptyDataAnnual(),,Trust classification
annual_accounting,D,trusts[].wardPct,Ward percentage,decimal,percentage,optional,,0-100 (Milestone 71C: percent-range.js; out of range or unreadable is a bypassable issue),none,persisted,input,3,3,3,,src/core/filing/models/annual.js,emptyRowAnnual('trust') / emptyDataAnnual(),,Percentage
annual_accounting,D,trusts[].wardAmount,Ward amount,decimal,currency,optional,,,none,persisted,input,3,3,3,,src/core/filing/models/annual.js,emptyRowAnnual('trust') / emptyDataAnnual(),,Currency amount
guardian_inventory,D,caseNumber,Case number,string,,required,,,none,persisted,input,,,,,src/core/filing/models/guardian.js,emptyDataGuardian(),,Initial Inventory identity
guardian_inventory,D,gid,Guardianship inception date,date,iso-date,required,,,none,persisted,input,,,,,src/core/filing/models/guardian.js,emptyDataGuardian(),,ISO date
guardian_inventory,D,guardianName,Primary guardian name,string,,required,,,none,persisted,input,,,,,src/core/filing/models/guardian.js,emptyDataGuardian(),,Initial Inventory cover field
guardian_inventory,D,attorneyForGuardian,Attorney for guardian,string,,conditional,an attorney is started (Milestone 71B; attorney-block.js isAttorneyStarted()),,none,persisted,input,,,,,src/core/filing/models/guardian.js,emptyDataGuardian(),,Initial Inventory cover field; distinct from accounting attorney
guardian_inventory,D,attorneyWaiverBasis,Why the guardian files with no attorney,enum,,optional,,guardian-advocate; court-order; self-represented-attorney,none,persisted,input,,,,,src/core/filing/models/guardian.js,emptyDataGuardian(),,"Milestone 71B. Asked only while no attorney is started; blank = unanswered, never defaulted (Type of Guardianship ""Guardian Advocate"" shows a hint, not an answer). Unanswered is a Preview & Export note, never an export block (src/core/filing/unrepresented-filing.js)."
guardian_inventory,D,attorneyWaiverOrderDate,Date of the order waiving representation by an attorney,date,iso-date,optional,,,none,persisted,input,,,,,src/core/filing/models/guardian.js,emptyDataGuardian(),,"Milestone 71B. Shown when attorneyWaiverBasis is court-order; a blank date then raises a Preview & Export note, never an export block. The waiver may be in the Order Appointing Guardian or an approved Report and Recommendation of Magistrate."
guardian_inventory,D,hasSafeDepositBox,Safe deposit box exists,enum,,optional,,Yes; No,none,persisted,input,,,,,src/core/filing/models/guardian.js,emptyDataGuardian(),,Tri-state string; new records begin unanswered; legacy booleans migrate true to Yes and false to No
guardian_inventory,D,safeDepositBoxFiled,Safe deposit box filed,enum,,optional,,Yes; No,none,persisted,input,,,,,src/core/filing/models/guardian.js,emptyDataGuardian(),,Tri-state string; new records begin unanswered; legacy booleans migrate true to Yes and false to No
guardian_inventory,D,scheduleNoItems,Schedule no-items confirmations,object,,optional,,,none,persisted,input,,,,,src/core/filing/models/guardian.js,emptyDataGuardian(),,Dynamic schedule-keyed confirmation map
guardian_inventory,D,scheduleDocsAck,Supplemental-documentation acknowledgements by period,object,,optional,,,none,persisted,input,,,,,src/core/filing/schedule-doc-ack.js,normalizeScheduleDocsAck() / recordScheduleAck(),,Milestone 57C-R. Period-keyed then schedule-keyed: { [periodKey]: { a1: true } }. periodKey comes from resolveActiveDocPeriod() -- the same resolver scheduleDocs uses -- so a new reporting period re-asks. Advisory only: raises no validation issue and is not read by computeNavChecks()
guardian_inventory,D,scheduleA1,Schedule A-1 rows,array<object>,,optional,,,financial,persisted,input,,,,,src/core/filing/models/guardian.js,emptyDataGuardian(),,Repeatable real-estate rows
guardian_inventory,D,scheduleA2,Schedule A-2 rows,array<object>,,optional,,,financial,persisted,input,,,,,src/core/filing/models/guardian.js,emptyDataGuardian(),,Repeatable real-estate-liability rows
guardian_inventory,D,scheduleB1,Schedule B-1 rows,array<object>,,optional,,,financial,persisted,input,,,,,src/core/filing/models/guardian.js,emptyDataGuardian(),,Repeatable cash rows
guardian_inventory,D,scheduleB2,Schedule B-2 rows,array<object>,,optional,,,financial,persisted,input,,,,,src/core/filing/models/guardian.js,emptyDataGuardian(),,Repeatable personal-property rows
guardian_inventory,D,scheduleB3,Schedule B-3 rows,array<object>,,optional,,,financial,persisted,input,,,,,src/core/filing/models/guardian.js,emptyDataGuardian(),,Repeatable intangible-property rows
guardian_inventory,D,scheduleB4,Schedule B-4 rows,array<object>,,optional,,,financial,persisted,input,,,,,src/core/filing/models/guardian.js,emptyDataGuardian(),,Repeatable personal-property-liability rows
guardian_inventory,D,scheduleC1,Schedule C-1 rows,array<object>,,optional,,,financial,persisted,input,,,,,src/core/filing/models/guardian.js,emptyDataGuardian(),,Repeatable income rows
guardian_inventory,D,scheduleC2,Schedule C-2 rows,array<object>,,optional,,,legal-id,persisted,input,,,,,src/core/filing/models/guardian.js,emptyDataGuardian(),,Repeatable lawsuits-against rows
guardian_inventory,D,scheduleC3,Schedule C-3 rows,array<object>,,optional,,,legal-id,persisted,input,,,,,src/core/filing/models/guardian.js,emptyDataGuardian(),,Repeatable lawsuits-by-ward rows
guardian_inventory,D,scheduleC4,Schedule C-4 rows,array<object>,,optional,,,financial,persisted,input,,,,,src/core/filing/models/guardian.js,emptyDataGuardian(),,Repeatable trust rows
guardian_inventory,D,scheduleC5,Schedule C-5 rows,array<object>,,optional,,,financial,persisted,input,,,,,src/core/filing/models/guardian.js,emptyDataGuardian(),,Repeatable joint-owner rows
guardian_inventory,D,scheduleA1[].propertyDescription,Real property description,string,,optional,,,none,persisted,input,0,unbounded,0,,src/core/filing/models/guardian.js (row factories); src/features/guardian-inventory/index.js (add/removeEntry),mk.a1() / addEntry/removeEntry,,Schedule A-1 row field
guardian_inventory,D,scheduleA1[].streetAddress,Real property street address,string,,optional,,,none,persisted,input,0,unbounded,0,,src/core/filing/models/guardian.js (row factories); src/features/guardian-inventory/index.js (add/removeEntry),mk.a1() / addEntry/removeEntry,,Address component
guardian_inventory,D,scheduleA1[].cityStateZip,Real property city/state/ZIP,string,zip,optional,,,none,persisted,input,0,unbounded,0,,src/core/filing/models/guardian.js (row factories); src/features/guardian-inventory/index.js (add/removeEntry),mk.a1() / addEntry/removeEntry,,Address component
guardian_inventory,D,scheduleA1[].notes,Real property notes,string,,optional,,,none,persisted,input,0,unbounded,0,,src/core/filing/models/guardian.js (row factories); src/features/guardian-inventory/index.js (add/removeEntry),mk.a1() / addEntry/removeEntry,,Free text
guardian_inventory,D,scheduleA1[].residence,Personal residence indicator,enum,,optional,,Yes; No,none,persisted,input,0,unbounded,0,,src/core/filing/models/guardian.js (row factories); src/features/guardian-inventory/index.js (add/removeEntry),mk.a1() / addEntry/removeEntry,,Tri-state string; legacy isPersonalResidence booleans migrate true to Yes and false to No
guardian_inventory,D,scheduleA1[].income,Income property indicator,enum,,optional,,Yes; No,none,persisted,input,0,unbounded,0,,src/core/filing/models/guardian.js (row factories); src/features/guardian-inventory/index.js (add/removeEntry),mk.a1() / add/removeEntry,,Tri-state string; legacy isIncomeProperty booleans migrate true to Yes and false to No
guardian_inventory,D,scheduleA1[].fullAssetValue,Full asset value,decimal,currency,optional,,,none,persisted,input,0,unbounded,0,,src/core/filing/models/guardian.js (row factories); src/features/guardian-inventory/index.js (add/removeEntry),mk.a1() / addEntry/removeEntry,,Currency amount
guardian_inventory,D,scheduleA1[].wardPercent,Ward percentage,decimal,percentage,conditional,required on a populated row -- must be > 0 (validateGuardian()),0-100 (Milestone 71C: percent-range.js; out of range or unreadable is a bypassable issue),none,persisted,input,0,unbounded,0,,src/core/filing/models/guardian.js (row factories); src/features/guardian-inventory/index.js (add/removeEntry),mk.a1() / addEntry/removeEntry,,Percentage 0-100
guardian_inventory,D,scheduleA2[].lenderName,Lender name,string,,optional,,,none,persisted,input,0,unbounded,0,,src/core/filing/models/guardian.js (row factories); src/features/guardian-inventory/index.js (add/removeEntry),mk.a2() / addEntry/removeEntry,,Party name
guardian_inventory,D,scheduleA2[].lenderAddress,Lender address,string,,optional,,,none,persisted,input,0,unbounded,0,,src/core/filing/models/guardian.js (row factories); src/features/guardian-inventory/index.js (add/removeEntry),mk.a2() / addEntry/removeEntry,,Address component
guardian_inventory,D,scheduleA2[].lenderCityStateZip,Lender city/state/ZIP,string,zip,optional,,,none,persisted,input,0,unbounded,0,,src/core/filing/models/guardian.js (row factories); src/features/guardian-inventory/index.js (add/removeEntry),mk.a2() / addEntry/removeEntry,,Address component
guardian_inventory,D,scheduleA2[].accountNumber,Liability account number,string,,optional,,,financial,persisted,input,0,unbounded,0,,src/core/filing/models/guardian.js (row factories); src/features/guardian-inventory/index.js (add/removeEntry),mk.a2() / addEntry/removeEntry,,Financial identifier
guardian_inventory,D,scheduleA2[].notes,Liability notes,string,,optional,,,none,persisted,input,0,unbounded,0,,src/core/filing/models/guardian.js (row factories); src/features/guardian-inventory/index.js (add/removeEntry),mk.a2() / addEntry/removeEntry,,Free text
guardian_inventory,D,scheduleA2[].liabilityType,Liability type,string,,optional,,,none,persisted,input,0,unbounded,0,,src/core/filing/models/guardian.js (row factories); src/features/guardian-inventory/index.js (add/removeEntry),mk.a2() / addEntry/removeEntry,,Default Mortgage
guardian_inventory,D,scheduleA2[].fullDebtBalance,Full debt balance,decimal,currency,optional,,,none,persisted,input,0,unbounded,0,,src/core/filing/models/guardian.js (row factories); src/features/guardian-inventory/index.js (add/removeEntry),mk.a2() / addEntry/removeEntry,,Currency amount
guardian_inventory,D,scheduleA2[].wardPercent,Ward percentage,decimal,percentage,conditional,"on a started row (validateGuardian(), Milestone 72B); 0 is an answer",0-100 (Milestone 71C: percent-range.js; out of range or unreadable is a bypassable issue),none,persisted,input,0,unbounded,0,,src/core/filing/models/guardian.js (row factories); src/features/guardian-inventory/index.js (add/removeEntry),mk.a2() / addEntry/removeEntry,,Percentage 0-100
guardian_inventory,D,scheduleB1[].institutionName,Institution name,string,,optional,,,none,persisted,input,0,unbounded,0,,src/core/filing/models/guardian.js (row factories); src/features/guardian-inventory/index.js (add/removeEntry),mk.b1() / addEntry/removeEntry,,Financial institution
guardian_inventory,D,scheduleB1[].restricted,Restricted indicator,enum,,optional,,Yes; No,none,persisted,input,0,unbounded,0,,src/core/filing/models/guardian.js (row factories); src/features/guardian-inventory/index.js (add/removeEntry),mk.b1() / addEntry/removeEntry,,Tri-state string; legacy isRestricted booleans migrate true to Yes and false to No
guardian_inventory,D,scheduleB1[].accountType,Account type,string,,optional,,,none,persisted,input,0,unbounded,0,,src/core/filing/models/guardian.js (row factories); src/features/guardian-inventory/index.js (add/removeEntry),mk.b1() / addEntry/removeEntry,,Account classification
guardian_inventory,D,scheduleB1[].accountNumber,Account number,string,,optional,,,financial,persisted,input,0,unbounded,0,,src/core/filing/models/guardian.js (row factories); src/features/guardian-inventory/index.js (add/removeEntry),mk.b1() / addEntry/removeEntry,,Financial identifier
guardian_inventory,D,scheduleB1[].streetAddress,Institution street address,string,,optional,,,none,persisted,input,0,unbounded,0,,src/core/filing/models/guardian.js (row factories); src/features/guardian-inventory/index.js (add/removeEntry),mk.b1() / addEntry/removeEntry,,Address component
guardian_inventory,D,scheduleB1[].cityStateZip,Institution city/state/ZIP,string,zip,optional,,,none,persisted,input,0,unbounded,0,,src/core/filing/models/guardian.js (row factories); src/features/guardian-inventory/index.js (add/removeEntry),mk.b1() / addEntry/removeEntry,,Address component
guardian_inventory,D,scheduleB1[].fullAssetAmount,Full asset amount,decimal,currency,optional,,,none,persisted,input,0,unbounded,0,,src/core/filing/models/guardian.js (row factories); src/features/guardian-inventory/index.js (add/removeEntry),mk.b1() / addEntry/removeEntry,,Currency amount
guardian_inventory,D,scheduleB1[].wardPercent,Ward percentage,decimal,percentage,conditional,"on a started row (validateGuardian(), Milestone 72B); 0 is an answer",0-100 (Milestone 71C: percent-range.js; out of range or unreadable is a bypassable issue),none,persisted,input,0,unbounded,0,,src/core/filing/models/guardian.js (row factories); src/features/guardian-inventory/index.js (add/removeEntry),mk.b1() / addEntry/removeEntry,,Percentage 0-100
guardian_inventory,D,scheduleB2[].description,Personal property description,string,,optional,,,none,persisted,input,0,unbounded,0,,src/core/filing/models/guardian.js (row factories); src/features/guardian-inventory/index.js (add/removeEntry),mk.b2() / addEntry/removeEntry,,Free text
guardian_inventory,D,scheduleB2[].streetAddress,Personal property street address,string,,optional,,,none,persisted,input,0,unbounded,0,,src/core/filing/models/guardian.js (row factories); src/features/guardian-inventory/index.js (add/removeEntry),mk.b2() / addEntry/removeEntry,,Address component
guardian_inventory,D,scheduleB2[].cityStateZip,Personal property city/state/ZIP,string,zip,optional,,,none,persisted,input,0,unbounded,0,,src/core/filing/models/guardian.js (row factories); src/features/guardian-inventory/index.js (add/removeEntry),mk.b2() / addEntry/removeEntry,,Address component
guardian_inventory,D,scheduleB2[].valuationMethod,Valuation method,string,,optional,,,none,persisted,input,0,unbounded,0,,src/core/filing/models/guardian.js (row factories); src/features/guardian-inventory/index.js (add/removeEntry),mk.b2() / addEntry/removeEntry,,Free text
guardian_inventory,D,scheduleB2[].fullAssetValue,Full asset value,decimal,currency,optional,,,none,persisted,input,0,unbounded,0,,src/core/filing/models/guardian.js (row factories); src/features/guardian-inventory/index.js (add/removeEntry),mk.b2() / addEntry/removeEntry,,Currency amount
guardian_inventory,D,scheduleB2[].wardPercent,Ward percentage,decimal,percentage,conditional,"on a started row (validateGuardian(), Milestone 72B); 0 is an answer",0-100 (Milestone 71C: percent-range.js; out of range or unreadable is a bypassable issue),none,persisted,input,0,unbounded,0,,src/core/filing/models/guardian.js (row factories); src/features/guardian-inventory/index.js (add/removeEntry),mk.b2() / addEntry/removeEntry,,Percentage 0-100
guardian_inventory,D,scheduleB2[].inSafeDepositBox,In safe deposit box,enum,,optional,,Yes; No,none,persisted,input,0,unbounded,0,,src/core/filing/models/guardian.js (row factories); src/features/guardian-inventory/index.js (add/removeEntry),mk.b2() / addEntry/removeEntry,,Tri-state string; legacy booleans migrate true to Yes and false to No
guardian_inventory,D,scheduleB2[].isVehicle,Vehicle indicator,boolean,,optional,,,none,persisted,input,0,unbounded,0,,src/core/filing/models/guardian.js (row factories); src/features/guardian-inventory/index.js (add/removeEntry),mk.b2() / addEntry/removeEntry,,Conditional vehicle block
guardian_inventory,D,scheduleB2[].vehicleYear,Vehicle year,string,,conditional,isVehicle is true,,none,persisted,input,0,unbounded,0,,src/core/filing/models/guardian.js (row factories); src/features/guardian-inventory/index.js (add/removeEntry),mk.b2() / addEntry/removeEntry,,Required when isVehicle is true
guardian_inventory,D,scheduleB2[].vehicleMake,Vehicle make,string,,conditional,isVehicle is true,,none,persisted,input,0,unbounded,0,,src/core/filing/models/guardian.js (row factories); src/features/guardian-inventory/index.js (add/removeEntry),mk.b2() / addEntry/removeEntry,,Required when isVehicle is true
guardian_inventory,D,scheduleB2[].vehicleModel,Vehicle model,string,,conditional,isVehicle is true,,none,persisted,input,0,unbounded,0,,src/core/filing/models/guardian.js (row factories); src/features/guardian-inventory/index.js (add/removeEntry),mk.b2() / addEntry/removeEntry,,Required when isVehicle is true
guardian_inventory,D,scheduleB2[].vehicleVin,Vehicle VIN,string,,conditional,isVehicle is true,,personal,persisted,input,0,unbounded,0,,src/core/filing/models/guardian.js (row factories); src/features/guardian-inventory/index.js (add/removeEntry),mk.b2() / addEntry/removeEntry,,Required when isVehicle is true
guardian_inventory,D,scheduleB2[].odometerMileage,Odometer mileage,string,,conditional,isVehicle is true,,none,persisted,input,0,unbounded,0,,src/core/filing/models/guardian.js (row factories); src/features/guardian-inventory/index.js (add/removeEntry),mk.b2() / addEntry/removeEntry,,Required when isVehicle is true
guardian_inventory,D,scheduleB3[].description,Intangible property description,string,,optional,,,none,persisted,input,0,unbounded,0,,src/core/filing/models/guardian.js (row factories); src/features/guardian-inventory/index.js (add/removeEntry),mk.b3() / addEntry/removeEntry,,Free text
guardian_inventory,D,scheduleB3[].streetAddress,Custodian street address,string,,optional,,,none,persisted,input,0,unbounded,0,,src/core/filing/models/guardian.js (row factories); src/features/guardian-inventory/index.js (add/removeEntry),mk.b3() / addEntry/removeEntry,,Address component
guardian_inventory,D,scheduleB3[].cityStateZip,Custodian city/state/ZIP,string,zip,optional,,,none,persisted,input,0,unbounded,0,,src/core/filing/models/guardian.js (row factories); src/features/guardian-inventory/index.js (add/removeEntry),mk.b3() / addEntry/removeEntry,,Address component
guardian_inventory,D,scheduleB3[].restricted,Restricted indicator,enum,,optional,,Yes; No,none,persisted,input,0,unbounded,0,,src/core/filing/models/guardian.js (row factories); src/features/guardian-inventory/index.js (add/removeEntry),mk.b3() / addEntry/removeEntry,,Tri-state string; legacy isRestricted booleans migrate true to Yes and false to No
guardian_inventory,D,scheduleB3[].fullAssetValue,Full asset value,decimal,currency,optional,,,none,persisted,input,0,unbounded,0,,src/core/filing/models/guardian.js (row factories); src/features/guardian-inventory/index.js (add/removeEntry),mk.b3() / addEntry/removeEntry,,Currency amount
guardian_inventory,D,scheduleB3[].wardPercent,Ward percentage,decimal,percentage,conditional,"on a started row (validateGuardian(), Milestone 72B); 0 is an answer",0-100 (Milestone 71C: percent-range.js; out of range or unreadable is a bypassable issue),none,persisted,input,0,unbounded,0,,src/core/filing/models/guardian.js (row factories); src/features/guardian-inventory/index.js (add/removeEntry),mk.b3() / addEntry/removeEntry,,Percentage 0-100
guardian_inventory,D,scheduleB3[].inSafeDepositBox,In safe deposit box,enum,,optional,,Yes; No,none,persisted,input,0,unbounded,0,,src/core/filing/models/guardian.js (row factories); src/features/guardian-inventory/index.js (add/removeEntry),mk.b3() / addEntry/removeEntry,,Tri-state string; legacy booleans migrate true to Yes and false to No
guardian_inventory,D,scheduleB4[].lenderName,Lender name,string,,optional,,,none,persisted,input,0,unbounded,0,,src/core/filing/models/guardian.js (row factories); src/features/guardian-inventory/index.js (add/removeEntry),mk.b4() / addEntry/removeEntry,,Party name
guardian_inventory,D,scheduleB4[].relatedProperty,Related property,string,,optional,,,none,persisted,input,0,unbounded,0,,src/core/filing/models/guardian.js (row factories); src/features/guardian-inventory/index.js (add/removeEntry),mk.b4() / addEntry/removeEntry,,Free text
guardian_inventory,D,scheduleB4[].accountNumber,Liability account number,string,,optional,,,financial,persisted,input,0,unbounded,0,,src/core/filing/models/guardian.js (row factories); src/features/guardian-inventory/index.js (add/removeEntry),mk.b4() / addEntry/removeEntry,,Financial identifier
guardian_inventory,D,scheduleB4[].lenderAddress,Lender address,string,,optional,,,none,persisted,input,0,unbounded,0,,src/core/filing/models/guardian.js (row factories); src/features/guardian-inventory/index.js (add/removeEntry),mk.b4() / addEntry/removeEntry,,Address component
guardian_inventory,D,scheduleB4[].liabilityType,Liability type,string,,optional,,,none,persisted,input,0,unbounded,0,,src/core/filing/models/guardian.js (row factories); src/features/guardian-inventory/index.js (add/removeEntry),mk.b4() / addEntry/removeEntry,,Default Loan
guardian_inventory,D,scheduleB4[].fullLiabilityBalance,Full liability balance,decimal,currency,optional,,,none,persisted,input,0,unbounded,0,,src/core/filing/models/guardian.js (row factories); src/features/guardian-inventory/index.js (add/removeEntry),mk.b4() / addEntry/removeEntry,,Currency amount
guardian_inventory,D,scheduleB4[].wardPercent,Ward percentage,decimal,percentage,conditional,"on a started row (validateGuardian(), Milestone 72B); 0 is an answer",0-100 (Milestone 71C: percent-range.js; out of range or unreadable is a bypassable issue),none,persisted,input,0,unbounded,0,,src/core/filing/models/guardian.js (row factories); src/features/guardian-inventory/index.js (add/removeEntry),mk.b4() / addEntry/removeEntry,,Percentage 0-100
guardian_inventory,D,scheduleC1[].payerName,Payer name,string,,optional,,,none,persisted,input,0,unbounded,0,,src/core/filing/models/guardian.js (row factories); src/features/guardian-inventory/index.js (add/removeEntry),mk.c1() / addEntry/removeEntry,,Party name
guardian_inventory,D,scheduleC1[].payerAddress,Payer address,string,,optional,,,none,persisted,input,0,unbounded,0,,src/core/filing/models/guardian.js (row factories); src/features/guardian-inventory/index.js (add/removeEntry),mk.c1() / addEntry/removeEntry,,Address component
guardian_inventory,D,scheduleC1[].payerCityStateZip,Payer city/state/ZIP,string,zip,optional,,,none,persisted,input,0,unbounded,0,,src/core/filing/models/guardian.js (row factories); src/features/guardian-inventory/index.js (add/removeEntry),mk.c1() / addEntry/removeEntry,,Address component
guardian_inventory,D,scheduleC1[].typeOfIncome,Type of income,string,,optional,,,none,persisted,input,0,unbounded,0,,src/core/filing/models/guardian.js (row factories); src/features/guardian-inventory/index.js (add/removeEntry),mk.c1() / addEntry/removeEntry,,Income classification
guardian_inventory,D,scheduleC1[].frequencyOfPayment,Payment frequency,string,,optional,,,none,persisted,input,0,unbounded,0,,src/core/filing/models/guardian.js (row factories); src/features/guardian-inventory/index.js (add/removeEntry),mk.c1() / addEntry/removeEntry,,Default Monthly
guardian_inventory,D,scheduleC1[].paymentBasis,Payment basis,string,,optional,,,none,persisted,input,0,unbounded,0,,src/core/filing/models/guardian.js (row factories); src/features/guardian-inventory/index.js (add/removeEntry),mk.c1() / addEntry/removeEntry,,Free text
guardian_inventory,D,scheduleC1[].annualIncomeAmount,Annual income amount,decimal,currency,optional,,,none,persisted,input,0,unbounded,0,,src/core/filing/models/guardian.js (row factories); src/features/guardian-inventory/index.js (add/removeEntry),mk.c1() / addEntry/removeEntry,,Currency amount
guardian_inventory,D,scheduleC1[].wardPercent,Ward percentage,decimal,percentage,conditional,"on a started row (validateGuardian(), Milestone 72B); 0 is an answer",0-100 (Milestone 71C: percent-range.js; out of range or unreadable is a bypassable issue),none,persisted,input,0,unbounded,0,,src/core/filing/models/guardian.js (row factories); src/features/guardian-inventory/index.js (add/removeEntry),mk.c1() / addEntry/removeEntry,,Percentage 0-100
guardian_inventory,D,scheduleC2[].claimantName,Claimant name,string,,optional,,,none,persisted,input,0,unbounded,0,,src/core/filing/models/guardian.js (row factories); src/features/guardian-inventory/index.js (add/removeEntry),mk.c2() / addEntry/removeEntry,,Party name
guardian_inventory,D,scheduleC2[].claimantAttorney,Claimant/petitioner attorney,string,,optional,,,personal,persisted,input,0,13,0,,src/core/filing/models/guardian.js,mk.c2(),,"Milestone 64A-2 item 3.4. Form C-2 C7 asks for the ""Name of claimant/petitioner and their attorney""; the form has one free-text line for both (its own example: ""Atty John Smith for Bob Jones, plaintiff""). Excel writes the combined line and does NOT split it back on import (decided 2026-09-22), so an Excel round trip merges it into claimantName."
guardian_inventory,D,scheduleC2[].lawsuitDescription,Lawsuit description,string,,optional,,,none,persisted,input,0,unbounded,0,,src/core/filing/models/guardian.js (row factories); src/features/guardian-inventory/index.js (add/removeEntry),mk.c2() / addEntry/removeEntry,,Free text
guardian_inventory,D,scheduleC2[].courtJurisdiction,Court jurisdiction,string,,optional,,,none,persisted,input,0,unbounded,0,,src/core/filing/models/guardian.js (row factories); src/features/guardian-inventory/index.js (add/removeEntry),mk.c2() / addEntry/removeEntry,,Legal data
guardian_inventory,D,scheduleC2[].caseNumber,Case number,string,,optional,,,legal-id,persisted,input,0,unbounded,0,,src/core/filing/models/guardian.js (row factories); src/features/guardian-inventory/index.js (add/removeEntry),mk.c2() / addEntry/removeEntry,,Court/legal identifier
guardian_inventory,D,scheduleC2[].claimantAddress,Claimant address,string,,optional,,,none,persisted,input,0,unbounded,0,,src/core/filing/models/guardian.js (row factories); src/features/guardian-inventory/index.js (add/removeEntry),mk.c2() / addEntry/removeEntry,,Address component
guardian_inventory,D,scheduleC2[].claimantCityStateZip,Claimant city/state/ZIP,string,zip,optional,,,none,persisted,input,0,unbounded,0,,src/core/filing/models/guardian.js (row factories); src/features/guardian-inventory/index.js (add/removeEntry),mk.c2() / addEntry/removeEntry,,"Milestone 60K. Address component (the form's fifth C-2 line). Optional: a save made before 60K holds the whole address in claimantAddress and must keep exporting."
guardian_inventory,D,scheduleC2[].dateFiled,Date filed,date,iso-date,optional,,,none,persisted,input,0,unbounded,0,,src/core/filing/models/guardian.js (row factories); src/features/guardian-inventory/index.js (add/removeEntry),mk.c2() / addEntry/removeEntry,,ISO date
guardian_inventory,D,scheduleC2[].amountOfClaim,Claim amount,decimal,currency,optional,,,none,persisted,input,0,unbounded,0,,src/core/filing/models/guardian.js (row factories); src/features/guardian-inventory/index.js (add/removeEntry),mk.c2() / addEntry/removeEntry,,Currency amount
guardian_inventory,D,scheduleC2[].wardPercent,Ward percentage,decimal,percentage,conditional,"on a started row (validateGuardian(), Milestone 72B); 0 is an answer",0-100 (Milestone 71C: percent-range.js; out of range or unreadable is a bypassable issue),none,persisted,input,0,unbounded,0,,src/core/filing/models/guardian.js (row factories); src/features/guardian-inventory/index.js (add/removeEntry),mk.c2() / addEntry/removeEntry,,Percentage 0-100
guardian_inventory,D,scheduleC3[].defendantName,Defendant name,string,,optional,,,none,persisted,input,0,unbounded,0,,src/core/filing/models/guardian.js (row factories); src/features/guardian-inventory/index.js (add/removeEntry),mk.c3() / addEntry/removeEntry,,Party name
guardian_inventory,D,scheduleC3[].actionDescription,Action description,string,,optional,,,none,persisted,input,0,unbounded,0,,src/core/filing/models/guardian.js (row factories); src/features/guardian-inventory/index.js (add/removeEntry),mk.c3() / addEntry/removeEntry,,Free text
guardian_inventory,D,scheduleC3[].status,Action status,string,,optional,,,none,persisted,input,0,unbounded,0,,src/core/filing/models/guardian.js (row factories); src/features/guardian-inventory/index.js (add/removeEntry),mk.c3() / addEntry/removeEntry,,Legal status
guardian_inventory,D,scheduleC3[].courtJurisdiction,Court jurisdiction,string,,optional,,,none,persisted,input,0,unbounded,0,,src/core/filing/models/guardian.js (row factories); src/features/guardian-inventory/index.js (add/removeEntry),mk.c3() / addEntry/removeEntry,,Legal data
guardian_inventory,D,scheduleC3[].caseNumber,Case number,string,,optional,,,legal-id,persisted,input,0,unbounded,0,,src/core/filing/models/guardian.js (row factories); src/features/guardian-inventory/index.js (add/removeEntry),mk.c3() / addEntry/removeEntry,,Court/legal identifier
guardian_inventory,D,scheduleC3[].actionDate,Action date,date,iso-date,optional,,,none,persisted,input,0,unbounded,0,,src/core/filing/models/guardian.js (row factories); src/features/guardian-inventory/index.js (add/removeEntry),mk.c3() / addEntry/removeEntry,,ISO date
guardian_inventory,D,scheduleC3[].estimatedSettlement,Estimated settlement,decimal,currency,optional,,,none,persisted,input,0,unbounded,0,,src/core/filing/models/guardian.js (row factories); src/features/guardian-inventory/index.js (add/removeEntry),mk.c3() / addEntry/removeEntry,,Currency amount
guardian_inventory,D,scheduleC3[].wardPercent,Ward percentage,decimal,percentage,conditional,"on a started row (validateGuardian(), Milestone 72B); 0 is an answer",0-100 (Milestone 71C: percent-range.js; out of range or unreadable is a bypassable issue),none,persisted,input,0,unbounded,0,,src/core/filing/models/guardian.js (row factories); src/features/guardian-inventory/index.js (add/removeEntry),mk.c3() / addEntry/removeEntry,,Percentage 0-100
guardian_inventory,D,scheduleC4[].trustName,Trust name,string,,optional,,,none,persisted,input,0,unbounded,0,,src/core/filing/models/guardian.js (row factories); src/features/guardian-inventory/index.js (add/removeEntry),mk.c4() / addEntry/removeEntry,,Trust identity
guardian_inventory,D,scheduleC4[].trusteeName,Trustee name,string,,optional,,,none,persisted,input,0,unbounded,0,,src/core/filing/models/guardian.js (row factories); src/features/guardian-inventory/index.js (add/removeEntry),mk.c4() / addEntry/removeEntry,,Party name
guardian_inventory,D,scheduleC4[].trusteeAddress,Trustee address,string,,optional,,,none,persisted,input,0,unbounded,0,,src/core/filing/models/guardian.js (row factories); src/features/guardian-inventory/index.js (add/removeEntry),mk.c4() / addEntry/removeEntry,,Address component
guardian_inventory,D,scheduleC4[].trusteeCityStateZip,Trustee city/state/ZIP,string,zip,optional,,,none,persisted,input,0,unbounded,0,,src/core/filing/models/guardian.js (row factories); src/features/guardian-inventory/index.js (add/removeEntry),mk.c4() / addEntry/removeEntry,,Address component
guardian_inventory,D,scheduleC4[].dateCreated,Trust creation date,date,iso-date,optional,,,none,persisted,input,0,unbounded,0,,src/core/filing/models/guardian.js (row factories); src/features/guardian-inventory/index.js (add/removeEntry),mk.c4() / addEntry/removeEntry,,ISO date
guardian_inventory,D,scheduleC4[].accountNumber,Trust account number,string,,optional,,,financial,persisted,input,0,unbounded,0,,src/core/filing/models/guardian.js (row factories); src/features/guardian-inventory/index.js (add/removeEntry),mk.c4() / addEntry/removeEntry,,Financial identifier
guardian_inventory,D,scheduleC4[].trustType,Trust type,string,,optional,,,none,persisted,input,0,unbounded,0,,src/core/filing/models/guardian.js (row factories); src/features/guardian-inventory/index.js (add/removeEntry),mk.c4() / addEntry/removeEntry,,Default Pooled
guardian_inventory,D,scheduleC4[].trustAmount,Trust amount,decimal,currency,optional,,,none,persisted,input,0,unbounded,0,,src/core/filing/models/guardian.js (row factories); src/features/guardian-inventory/index.js (add/removeEntry),mk.c4() / addEntry/removeEntry,,Currency amount
guardian_inventory,D,scheduleC4[].wardPercent,Ward percentage,decimal,percentage,conditional,"on a started row (validateGuardian(), Milestone 72B); 0 is an answer",0-100 (Milestone 71C: percent-range.js; out of range or unreadable is a bypassable issue),none,persisted,input,0,unbounded,0,,src/core/filing/models/guardian.js (row factories); src/features/guardian-inventory/index.js (add/removeEntry),mk.c4() / addEntry/removeEntry,,Percentage 0-100
guardian_inventory,D,scheduleC5[].assetDescription,Asset description,string,,optional,,,none,persisted,input,0,unbounded,0,,src/core/filing/models/guardian.js (row factories); src/features/guardian-inventory/index.js (add/removeEntry),mk.c5() / addEntry/removeEntry,,Free text
guardian_inventory,D,scheduleC5[].ownerName,Owner name,string,,optional,,,none,persisted,input,0,unbounded,0,,src/core/filing/models/guardian.js (row factories); src/features/guardian-inventory/index.js (add/removeEntry),mk.c5() / addEntry/removeEntry,,Party name
guardian_inventory,D,scheduleC5[].ownerAddress,Owner address,string,,optional,,,none,persisted,input,0,unbounded,0,,src/core/filing/models/guardian.js (row factories); src/features/guardian-inventory/index.js (add/removeEntry),mk.c5() / addEntry/removeEntry,,Address component
guardian_inventory,D,scheduleC5[].ownerCityStateZip,Owner city/state/ZIP,string,zip,optional,,,none,persisted,input,0,unbounded,0,,src/core/filing/models/guardian.js (row factories); src/features/guardian-inventory/index.js (add/removeEntry),mk.c5() / addEntry/removeEntry,,Address component
guardian_inventory,D,scheduleC5[].relationshipToWard,Relationship to ward,string,,optional,,,none,persisted,input,0,unbounded,0,,src/core/filing/models/guardian.js (row factories); src/features/guardian-inventory/index.js (add/removeEntry),mk.c5() / addEntry/removeEntry,,Relationship
guardian_inventory,D,scheduleC5[].totalAssetValue,Total asset value,decimal,currency,optional,,,none,persisted,input,0,unbounded,0,,src/core/filing/models/guardian.js (row factories); src/features/guardian-inventory/index.js (add/removeEntry),mk.c5() / addEntry/removeEntry,,Currency amount
guardian_inventory,D,scheduleC5[].jointOwnerPercent,Joint owner percentage,decimal,percentage,conditional,"on a started row (validateGuardian(), Milestone 72B); 0 is an answer",0-100 (Milestone 71C: percent-range.js; out of range or unreadable is a bypassable issue),none,persisted,input,0,unbounded,0,,src/core/filing/models/guardian.js (row factories); src/features/guardian-inventory/index.js (add/removeEntry),mk.c5() / addEntry/removeEntry,,Percentage 0-100
guardian_inventory,D,guardians[].name,Guardian name,string,,required,,,none,persisted,input,1,3,1,guardianPartyIds,src/core/filing/models/guardian.js,mk.guardian() / emptyDataGuardian(),,"Primary and co-guardian rows. Floor/max UI-enforced only (addGuardian()/removeGuardian() have no checks of their own). Sync is asymmetric: removeGuardian() splices guardianPartyIds in lockstep, but addGuardian() does not push a new slot -- getPartyIdForSlot()/setPartyIdForSlot() treat the array as sparse/index-addressed instead."
guardian_inventory,D,guardians[].ssnEin,Guardian SSN/EIN,string,ssn-ein,required,,,government-id,persisted,input,1,3,1,guardianPartyIds,src/core/filing/models/guardian.js,mk.guardian() / emptyDataGuardian(),,Sensitive identifier
guardian_inventory,D,guardians[].phone,Guardian phone,string,phone,required,,,none,persisted,input,1,3,1,guardianPartyIds,src/core/filing/models/guardian.js,mk.guardian() / emptyDataGuardian(),,Formatted phone
guardian_inventory,D,guardians[].email,Guardian email,string,email,optional,"advisory only: a warning, never a blocker, when no attorney is started (Milestone 72C; guardian-email.js guardianEmailAdvisories())",,personal,persisted,input,1,3,1,guardianPartyIds,src/core/filing/models/guardian.js,mk.guardian() / emptyDataGuardian(),,"Milestone 72C: never an export blocker on any form. With no attorney, the print preview warns for each guardian in play without one -- Fla. R. Gen. Prac. & Jud. Admin. 2.515(c) expects each signer's e-mail address for service in the signature block when a document is filed electronically. D-1 collects it now (it was in the model with no field); it prints in the guardian's signature block and carries into an Annual, Simplified or Plan."
guardian_inventory,D,guardians[].streetAddress,Guardian street address,string,,required,,,none,persisted,input,1,3,1,guardianPartyIds,src/core/filing/models/guardian.js,mk.guardian() / emptyDataGuardian(),,Address component
guardian_inventory,D,guardians[].cityStateZip,Guardian city/state/ZIP,string,zip,required,,,none,persisted,input,1,3,1,guardianPartyIds,src/core/filing/models/guardian.js,mk.guardian() / emptyDataGuardian(),,Address component
guardian_inventory,D,guardians[].signatureDate,Guardian signature date,date,iso-date,conditional,"active guardian AND signatureState is 'typed' (Milestone 39-C)",,none,persisted,input,1,3,1,guardianPartyIds,src/core/filing/models/guardian.js,mk.guardian() / emptyDataGuardian(),,"ISO date. Milestone 39-C narrowed this from unconditionally required (whenever active) to conditional on the new three-state signatureState field, same pattern as the other filing types' Guardian card -- see checkSignatureState()."
guardian_inventory,D,guardians[].signatureState,Guardian signature state,enum,,optional,,none; typed; stamp,none,persisted,input,1,3,1,guardianPartyIds,src/core/validation/signature-state.js,checkSignatureState()/SIGNATURE_STATES,,"Milestone 39-C. Tri-state control (Unsigned/""/s/"" Signed/Signature Stamp); missing on legacy filings, inferred at read time via inferLegacySignatureState() -- never persisted as an inferred value, only when the filer actually interacts with the control. name omitted from checkSignatureState() here: g.name is already unconditionally required for an active row."
guardian_inventory,D,guardians[].signatureImage,Guardian signature stamp image (base64 PNG),string,base64-png,conditional,signatureState is 'stamp',,document-content,persisted,input,1,3,1,guardianPartyIds,src/core/signature/signature-pad.js,mountSignaturePad()/validateSignatureImage(),,"Milestone 39-C. Max 1024px width, max 100KB, PNG magic-byte validated. Also referenced directly by guardianHasData()/normalizeGuardians() so a co-guardian who has drawn a stamp before typing a name is not silently pruned."
guardian_inventory,D,guardians[].isPreparer,Guardian identified as the filing's preparer,boolean,,optional,,,none,persisted,input,1,3,1,guardianPartyIds,src/core/filing/models/guardian.js,mk.guardian() / emptyDataGuardian(),,"Milestone 67A. ""This person prepared this filing (no outside preparer)"" on the D-1 guardian card. At most one of guardians[].isPreparer / attorney.isPreparer is true -- claimPreparer() (src/core/form/preparer-flag.js) clears the others at write time. While set: the D-2 preparer block is not required, is hidden behind a notice naming this guardian, is not written to the workbook, and the PDF prints ""Prepared by <name>, guardian. No outside preparer."" in place of the compilation attestation. Lives on the row, so it is removed with the guardian. Missing on a legacy .sav reads as unset."
guardian_inventory,D,guardians[].certifiesService,Guardian who served the copies and signs the certificate of service,boolean,,conditional,no attorney is started and more than one guardian is listed,,none,persisted,input,1,3,1,guardianPartyIds,src/core/filing/models/guardian.js,mk.guardian() / emptyDataGuardian(),,"Milestone 71B. The guardian who served the copies and signs the certificate of service when no attorney is started. At most one true (claimServiceCertifier()). A flag on the row, like isPreparer, because guardian rows have no stable id and are removed by position; deleting the row returns the answer to unanswered."
guardian_inventory,D,preparer.name,Preparer name,string,,conditional,no guardian or attorney is flagged as the preparer (Milestone 67A),,none,persisted,input,,,,,src/core/filing/models/guardian.js,emptyDataGuardian(),,Party field. Milestone 67A: not required while a guardian or the attorney is identified as the preparer; anything entered is kept but not filed.
guardian_inventory,D,preparer.ssnEin,Preparer SSN/EIN,string,ssn-ein,conditional,no guardian or attorney is flagged as the preparer (Milestone 67A),,government-id,persisted,input,,,,,src/core/filing/models/guardian.js,emptyDataGuardian(),,Sensitive identifier. Milestone 67A: was recorded as optional while validateGuardian() required it; now conditional like the rest of the block.
guardian_inventory,D,preparer.phone,Preparer phone,string,phone,conditional,no guardian or attorney is flagged as the preparer (Milestone 67A),,none,persisted,input,,,,,src/core/filing/models/guardian.js,emptyDataGuardian(),,Formatted phone. Milestone 67A: see preparer.name.
guardian_inventory,D,preparer.email,Preparer email,string,email,optional,,,personal,persisted,input,,,,,src/core/filing/models/guardian.js,emptyDataGuardian(),,Email address
guardian_inventory,D,preparer.streetAddress,Preparer street address,string,,conditional,no guardian or attorney is flagged as the preparer (Milestone 67A),,none,persisted,input,,,,,src/core/filing/models/guardian.js,emptyDataGuardian(),,Address component. Milestone 67A: see preparer.name.
guardian_inventory,D,preparer.cityStateZip,Preparer city/state/ZIP,string,zip,conditional,no guardian or attorney is flagged as the preparer (Milestone 67A),,none,persisted,input,,,,,src/core/filing/models/guardian.js,emptyDataGuardian(),,Address component. Milestone 67A: see preparer.name.
guardian_inventory,D,preparer.signatureDate,Preparer signature date,date,iso-date,conditional,"signatureState is 'typed' (Milestone 39-C)",,none,persisted,input,,,,,src/core/filing/models/guardian.js,emptyDataGuardian(),,"ISO date. Pre-existing field, previously undocumented (D-2 page renders it via dateInput('preparer.signatureDate')). Milestone 39-C narrowed this from unconditionally required to conditional on the new signatureState field -- d.preparer.name stays independently, unconditionally required regardless."
guardian_inventory,D,preparer.asOfDate,Preparer compilation as-of date,date,iso-date,optional,,,none,persisted,input,,,,,src/core/filing/models/guardian.js,emptyDataGuardian(),,"Milestone 64A-2 item 2.5. Form PART IV H9 (the box under the H8 ""Date "" caption), printed in the compilation sentence beside G9 ""as of"". Blank falls back to preparer.signatureDate."
guardian_inventory,D,preparer.signatureState,Preparer signature state,enum,,optional,,none; typed; stamp,none,persisted,input,,,,,src/core/validation/signature-state.js,checkSignatureState()/SIGNATURE_STATES,,"Milestone 39-C. Same tri-state control as the guardian row, rolled out to the nested-object-shaped Preparer (D-2) card. name omitted from checkSignatureState() here: d.preparer.name is already unconditionally required."
guardian_inventory,D,preparer.signatureImage,Preparer signature stamp image (base64 PNG),string,base64-png,conditional,signatureState is 'stamp',,document-content,persisted,input,,,,,src/core/signature/signature-pad.js,mountSignaturePad()/validateSignatureImage(),,Milestone 39-C. Same constraints as the guardian row's signatureImage.
guardian_inventory,D,attorney.name,Attorney name,string,,conditional,an attorney is started (Milestone 71B; attorney-block.js isAttorneyStarted()),,none,persisted,input,,,,,src/core/filing/models/guardian.js,emptyDataGuardian(),,Party field
guardian_inventory,D,attorney.barNumber,Attorney bar number,string,bar-number,conditional,an attorney is started (Milestone 71B; attorney-block.js isAttorneyStarted()),,none,persisted,input,,,,,src/core/filing/models/guardian.js,emptyDataGuardian(),,Identifier
guardian_inventory,D,attorney.phone,Attorney phone,string,phone,conditional,an attorney is started (Milestone 71B; attorney-block.js isAttorneyStarted()),,none,persisted,input,,,,,src/core/filing/models/guardian.js,emptyDataGuardian(),,Formatted phone
guardian_inventory,D,attorney.email,Attorney email,string,email,conditional,an attorney is started (Milestone 72B; attorney-block.js isAttorneyStarted()),,personal,persisted,input,,,,,src/core/filing/models/guardian.js,emptyDataGuardian(),,"Milestone 72B: D-2 has always collected it (Primary Email (e-filing)); now in emptyDataGuardian()'s attorney and required once an attorney is started, as on the Annual and the Simplified. Printed on the PDF; the workbook has no box for it. Email address"
guardian_inventory,D,attorney.secondaryEmail,Attorney secondary email,string,email,optional,,,personal,persisted,input,,,,,src/core/filing/models/guardian.js,emptyDataGuardian(),,"Milestone 72B: D-2 has always collected it (Secondary Email (optional)); now in the model, and carried with the primary email by carry-over and conversion. Email address"
guardian_inventory,D,attorney.streetAddress,Attorney street address,string,,conditional,an attorney is started (Milestone 71B; attorney-block.js isAttorneyStarted()),,none,persisted,input,,,,,src/core/filing/models/guardian.js,emptyDataGuardian(),,Address component
guardian_inventory,D,attorney.cityStateZip,Attorney city/state/ZIP,string,zip,conditional,an attorney is started (Milestone 71B; attorney-block.js isAttorneyStarted()),,none,persisted,input,,,,,src/core/filing/models/guardian.js,emptyDataGuardian(),,Address component
guardian_inventory,D,attorney.signatureDate,Attorney signature date,date,iso-date,conditional,"signatureState is 'typed' (Milestone 39-C)",,none,persisted,input,,,,,src/core/filing/models/guardian.js,emptyDataGuardian(),,"ISO date. Milestone 39-C narrowed this from unconditionally required to conditional on the new signatureState field -- d.attorney.name stays independently, unconditionally required regardless."
guardian_inventory,D,attorney.signatureState,Attorney signature state,enum,,optional,,none; typed; stamp,none,persisted,input,,,,,src/core/validation/signature-state.js,checkSignatureState()/SIGNATURE_STATES,,"Milestone 39-C. Same tri-state control as the guardian row, rolled out to the nested-object-shaped Attorney (D-2 attestation) card. name omitted from checkSignatureState() here: d.attorney.name is already unconditionally required, unlike the flat attorney_signatureState shape used by the other filing types."
guardian_inventory,D,attorney.signatureImage,Attorney signature stamp image (base64 PNG),string,base64-png,conditional,signatureState is 'stamp',,document-content,persisted,input,,,,,src/core/signature/signature-pad.js,mountSignaturePad()/validateSignatureImage(),,Milestone 39-C. Same constraints as the guardian row's signatureImage.
guardian_inventory,D,attorney.filingDate,Attorney filing date,date,iso-date,optional,,,none,persisted,input,,,,,src/core/filing/models/guardian.js,emptyDataGuardian(),,Nullable date in initial state
guardian_inventory,D,attorney.isPreparer,Attorney identified as the filing's preparer,boolean,,optional,,,none,persisted,input,,,,,src/core/filing/models/guardian.js,emptyDataGuardian(),,"Milestone 67A. The D-2 attorney card's ""This person prepared this filing"" box; the nested-object twin of guardians[].isPreparer, which see. Prints ""Prepared by <name>, guardian's attorney. No outside preparer."""
guardian_inventory,D,serviceDate,Service date,date,iso-date,required,,,none,persisted,input,,,,,src/core/filing/models/guardian.js,emptyDataGuardian(),,Must be checked against filing period where applicable
guardian_inventory,D,serviceAttorney.email,Service attorney email,string,email,optional,,,personal,persisted,input,,,,,src/core/filing/models/guardian.js,emptyDataGuardian(),,Email address
guardian_inventory,D,bondAmount,Bond amount,decimal,currency,optional,,,none,persisted,input,,,,,src/core/filing/models/guardian.js,emptyDataGuardian(),,Currency amount
guardian_inventory,D,bondPeriodFrom,Bond period from,date,iso-date,optional,,,none,persisted,input,,,,,src/core/filing/models/guardian.js,emptyDataGuardian(),,ISO date
guardian_inventory,D,bondPeriodTo,Bond period to,date,iso-date,optional,,,none,persisted,input,,,,,src/core/filing/models/guardian.js,emptyDataGuardian(),,ISO date
guardian_inventory,D,bondingCompany,Bonding company,string,,optional,,,none,persisted,input,,,,,src/core/filing/models/guardian.js,emptyDataGuardian(),,Party/company name
plan_simplified,D,q1Residences,Current residence description,string,,required,,,none,persisted,input,,,,,src/core/filing/models/plan-simplified.js,emptyDataPlanSimplified(),,Single free-text response
plan_simplified,D,q2BestPlacement,Best placement response,string,,required,,,none,persisted,input,,,,,src/core/filing/models/plan-simplified.js,emptyDataPlanSimplified(),,Question 2
plan_simplified,D,q3MedicalTreatment,Medical treatment response,string,,required,,,none,persisted,input,,,,,src/core/filing/models/plan-simplified.js,emptyDataPlanSimplified(),,Question 3
plan_simplified,D,q4Diagnosis,Diagnosis response,string,,required,,,none,persisted,input,,,,,src/core/filing/models/plan-simplified.js,emptyDataPlanSimplified(),,Question 4
plan_simplified,D,q5SocialServices,Personal/social services,string,,required,,,none,persisted,input,,,,,src/core/filing/models/plan-simplified.js,emptyDataPlanSimplified(),,Question 5
plan_simplified,D,q6Interaction,Ward interaction,string,,required,,,none,persisted,input,,,,,src/core/filing/models/plan-simplified.js,emptyDataPlanSimplified(),,Question 6
plan_simplified,D,q7RestoreRights,Restore rights choice,enum,,required,,Yes; No,none,persisted,input,,,,,src/core/filing/models/plan-simplified.js,emptyDataPlanSimplified(),,Yes/No; explicit unanswered state needed
plan_simplified,D,q7RestoreExplain,Restore rights explanation,string,,conditional,q7RestoreRights is Yes,,none,persisted,input,,,,,src/core/filing/models/plan-simplified.js,emptyDataPlanSimplified(),,Required when q7RestoreRights is Yes
plan_simplified,D,q8DNR,Do Not Resuscitate directive,boolean,,optional,,,none,persisted,input,,,,,src/core/filing/models/plan-simplified.js,emptyDataPlanSimplified(),,Checkbox
plan_simplified,D,q8LivingWill,Living will directive,boolean,,optional,,,none,persisted,input,,,,,src/core/filing/models/plan-simplified.js,emptyDataPlanSimplified(),,Checkbox
plan_simplified,D,q8Surrogate,Health care surrogate,boolean,,optional,,,none,persisted,input,,,,,src/core/filing/models/plan-simplified.js,emptyDataPlanSimplified(),,Checkbox
plan_simplified,D,q8POA,Power of attorney,boolean,,optional,,,none,persisted,input,,,,,src/core/filing/models/plan-simplified.js,emptyDataPlanSimplified(),,Checkbox
plan_simplified,D,q8Other,Other directive,boolean,,optional,,,none,persisted,input,,,,,src/core/filing/models/plan-simplified.js,emptyDataPlanSimplified(),,Checkbox
plan_simplified,D,q8OtherText,Other directive detail,string,,conditional,q8Other is true,,none,persisted,input,,,,,src/core/filing/models/plan-simplified.js,emptyDataPlanSimplified(),,Required when q8Other is true
plan_simplified,D,q8None,None of the above,boolean,,optional,,,none,persisted,input,,,,,src/core/filing/models/plan-simplified.js,emptyDataPlanSimplified(),,Mutually exclusive answer candidate
plan_simplified,D,q9Remuneration,Remuneration response,enum,,required,,Yes; No,none,persisted,input,,,,,src/core/filing/models/plan-simplified.js,emptyDataPlanSimplified(),,Tri-state Yes/No; new records begin unanswered ('')
plan_simplified,D,q9RemunerationExplain,Remuneration explanation,string,,conditional,q9Remuneration is Yes,,none,persisted,input,,,,,src/core/filing/models/plan-simplified.js,emptyDataPlanSimplified(),,Conditional explanation
plan_simplified,D,printAnnotations.pdfBytes,Saved annotated PDF (base64),string,base64-pdf,optional,,,personal,persisted,input,,,,,src/core/pdf/pdf-preview.js,mountAnnotateToolbar() save handler,,"Milestone 39-A spike, pilot-only. Full saveDocument() output persisted so a matching-fingerprint reopen can display the annotated PDF instead of a fresh unannotated one; not part of any validated answer. Classified personal (not none) because a FreeText note is filer-typed free text that could contain anything."
plan_simplified,D,printAnnotations.contentFingerprint,Annotated PDF content fingerprint,string,,optional,,,none,persisted,derived,,,,,src/core/pdf/pdf-annotate.js,computeContentFingerprint(),,"Milestone 39-A. Hash of the underlying (unannotated) filing content at capture time; used to detect drift and discard stale annotations on reopen, per MILESTONE-39-PROPOSAL.md's ""Persistence design."""
plan_simplified,D,printAnnotations.capturedAt,Annotated PDF save timestamp,date,iso-date,optional,,,none,persisted,derived,,,,,src/core/pdf/pdf-preview.js,mountAnnotateToolbar() save handler,,Milestone 39-A. When the annotated PDF was last saved.
plan_simplified,D,planGuardians[].name,Plan guardian name,string,,conditional,primary,,none,persisted,input,1,2,1,guardianPartyIds,src/core/filing/models/plan-simplified.js,emptyDataPlanSimplified(),,"Repeatable signature row (Milestone 37-6). Seeds with 1 guardian; supports Add/Remove Co-Guardian up to cap of 2. Party-ID sync happens positionally via getPartyIdForSlot('guardian', index)."
plan_simplified,D,planGuardians[].signatureDate,Guardian signature date,date,iso-date,conditional,"primary AND signatureState is 'typed' (Milestone 39-B)",,none,persisted,input,1,2,1,guardianPartyIds,src/core/filing/models/plan-simplified.js,emptyDataPlanSimplified(),,"ISO date. Milestone 39-B narrowed this from unconditionally required (whenever primary) to conditional on the new three-state signatureState field -- see checkSignatureState()."
plan_simplified,D,planGuardians[].signatureState,Guardian signature state,enum,,optional,,none; typed; stamp,none,persisted,input,1,2,1,guardianPartyIds,src/core/validation/signature-state.js,checkSignatureState()/SIGNATURE_STATES,,"Milestone 39-B. Tri-state control (Unsigned/""/s/"" Signed/Signature Stamp); missing on legacy filings, inferred at read time via inferLegacySignatureState() -- never persisted as an inferred value, only when the filer actually interacts with the control."
plan_simplified,D,planGuardians[].signatureImage,Guardian signature stamp image (base64 PNG),string,base64-png,conditional,signatureState is 'stamp',,document-content,persisted,input,1,2,1,guardianPartyIds,src/core/signature/signature-pad.js,mountSignaturePad()/validateSignatureImage(),,"Milestone 39-B. Max 1024px width (measured against pdf-engine.js's real 248pt signature line at 300 DPI), max 100KB, PNG magic-byte validated. No reuse across filings yet -- see MILESTONE-39-PROPOSAL.md 39-D for the versioned per-party stamp this supersedes."
plan_simplified,D,planGuardians[].email,Guardian email,string,email,optional,"advisory only: a warning, never a blocker, when no attorney is started (Milestone 72C; guardian-email.js guardianEmailAdvisories())",,personal,persisted,input,1,2,1,guardianPartyIds,src/core/filing/models/plan-simplified.js,emptyDataPlanSimplified(),,"Milestone 72C: never an export blocker on any form. With no attorney, the print preview warns for each guardian in play without one -- Fla. R. Gen. Prac. & Jud. Admin. 2.515(c) expects each signer's e-mail address for service in the signature block when a document is filed electronically. It was required on the Signatures page until 72C."
plan_simplified,D,planGuardians[].phone,Guardian phone,string,phone,conditional,primary,,none,persisted,input,1,2,1,guardianPartyIds,src/core/filing/models/plan-simplified.js,emptyDataPlanSimplified(),,Formatted phone
plan_simplified,D,planGuardians[].mailingAddress,Guardian mailing address,string,,conditional,primary,,none,persisted,input,1,2,1,guardianPartyIds,src/core/filing/models/plan-simplified.js,emptyDataPlanSimplified(),,Combined address
plan_simplified,D,preparer_name,Preparer name,string,,optional,,,none,persisted,input,,,,,src/core/filing/models/plan-simplified.js,emptyDataPlanSimplified(),,"Milestone 61A. Captured by the Simplified Plan UI but deliberately not rendered in the filed PDF (Milestone 61E: this form's court original has no preparer/attorney certification page). Persisted so an entered value survives reload. Certification contact, not filed output"
plan_simplified,D,preparer_phone,Preparer phone,string,phone,optional,,,none,persisted,input,,,,,src/core/filing/models/plan-simplified.js,emptyDataPlanSimplified(),,"Milestone 61A. Captured by the Simplified Plan UI but deliberately not rendered in the filed PDF (Milestone 61E: this form's court original has no preparer/attorney certification page). Persisted so an entered value survives reload. Formatted phone"
plan_simplified,D,preparer_email,Preparer email,string,email,optional,,,personal,persisted,input,,,,,src/core/filing/models/plan-simplified.js,emptyDataPlanSimplified(),,Milestone 61A. Captured by the Simplified Plan UI but deliberately not rendered in the filed PDF (Milestone 61E: this form's court original has no preparer/attorney certification page). Persisted so an entered value survives reload. Email address
plan_simplified,D,preparer_mailingStreet,Preparer mailing street,string,,optional,,,none,persisted,input,,,,,src/core/filing/models/plan-simplified.js,emptyDataPlanSimplified(),,"Milestone 61A. Captured by the Simplified Plan UI but deliberately not rendered in the filed PDF (Milestone 61E: this form's court original has no preparer/attorney certification page). Persisted so an entered value survives reload. Address component"
plan_simplified,D,preparer_cityStateZip,Preparer city/state/ZIP,string,zip,optional,,,none,persisted,input,,,,,src/core/filing/models/plan-simplified.js,emptyDataPlanSimplified(),,"Milestone 61A. Captured by the Simplified Plan UI but deliberately not rendered in the filed PDF (Milestone 61E: this form's court original has no preparer/attorney certification page). Persisted so an entered value survives reload. Address component"
plan_simplified,D,preparer_signatureDate,Preparer signature date,date,iso-date,optional,,,none,persisted,input,,,,,src/core/filing/models/plan-simplified.js,emptyDataPlanSimplified(),,"Milestone 61A. Captured by the Simplified Plan UI but deliberately not rendered in the filed PDF (Milestone 61E: this form's court original has no preparer/attorney certification page). Persisted so an entered value survives reload. ISO date"
plan_simplified,D,attorney_name,Attorney name,string,,optional,,,none,persisted,input,,,,,src/core/filing/models/plan-simplified.js,emptyDataPlanSimplified(),,"Milestone 61A. Captured by the Simplified Plan UI but deliberately not rendered in the filed PDF (Milestone 61E: this form's court original has no preparer/attorney certification page). Persisted so an entered value survives reload. Certification contact, not filed output"
plan_simplified,D,attorney_bar,Attorney bar number,string,bar-number,optional,,,none,persisted,input,,,,,src/core/filing/models/plan-simplified.js,emptyDataPlanSimplified(),,"Milestone 61A. Captured by the Simplified Plan UI but deliberately not rendered in the filed PDF (Milestone 61E: this form's court original has no preparer/attorney certification page). Persisted so an entered value survives reload. Identifier"
plan_simplified,D,attorney_phone,Attorney phone,string,phone,optional,,,none,persisted,input,,,,,src/core/filing/models/plan-simplified.js,emptyDataPlanSimplified(),,"Milestone 61A. Captured by the Simplified Plan UI but deliberately not rendered in the filed PDF (Milestone 61E: this form's court original has no preparer/attorney certification page). Persisted so an entered value survives reload. Formatted phone"
plan_simplified,D,attorney_signatureDate,Attorney signature date,date,iso-date,optional,,,none,persisted,input,,,,,src/core/filing/models/plan-simplified.js,emptyDataPlanSimplified(),,"Milestone 61A. Captured by the Simplified Plan UI but deliberately not rendered in the filed PDF (Milestone 61E: this form's court original has no preparer/attorney certification page). Persisted so an entered value survives reload. ISO date"
plan_simplified,D,attorney_email,Attorney email,string,email,optional,,,personal,persisted,input,,,,,src/core/filing/models/plan-simplified.js,emptyDataPlanSimplified(),,Milestone 61A. Captured by the Simplified Plan UI but deliberately not rendered in the filed PDF (Milestone 61E: this form's court original has no preparer/attorney certification page). Persisted so an entered value survives reload. Email address
plan_simplified,D,attorney_secondary_email,Attorney secondary email,string,email,optional,,,personal,persisted,input,,,,,src/core/filing/models/plan-simplified.js,emptyDataPlanSimplified(),,Milestone 61A. Captured by the Simplified Plan UI but deliberately not rendered in the filed PDF (Milestone 61E: this form's court original has no preparer/attorney certification page). Persisted so an entered value survives reload. Email address
plan_simplified,D,attorney_street,Attorney street,string,,optional,,,none,persisted,input,,,,,src/core/filing/models/plan-simplified.js,emptyDataPlanSimplified(),,"Milestone 61A. Captured by the Simplified Plan UI but deliberately not rendered in the filed PDF (Milestone 61E: this form's court original has no preparer/attorney certification page). Persisted so an entered value survives reload. Address component"
plan_simplified,D,attorney_cityStateZip,Attorney city/state/ZIP,string,zip,optional,,,none,persisted,input,,,,,src/core/filing/models/plan-simplified.js,emptyDataPlanSimplified(),,"Milestone 61A. Captured by the Simplified Plan UI but deliberately not rendered in the filed PDF (Milestone 61E: this form's court original has no preparer/attorney certification page). Persisted so an entered value survives reload. Address component"
plan_annual,D,rights.marry,Right to marry status,enum,,required,,PLAN_RIGHT_STATES,none,persisted,input,,,,,src/core/filing/models/plan-annual.js,emptyDataPlanAnnual(),,"Configured right state. Milestone 68G: the domain is the court form's four columns -- stored 'Capable of restoration' (shown as Yes), 'No' (new), 'Not removed', 'Needs to be restored'; blank means unanswered and is never guessed."
plan_annual,D,rights.vote,Right to vote status,enum,,required,,PLAN_RIGHT_STATES,none,persisted,input,,,,,src/core/filing/models/plan-annual.js,emptyDataPlanAnnual(),,"Configured right state. Milestone 68G: the domain is the court form's four columns -- stored 'Capable of restoration' (shown as Yes), 'No' (new), 'Not removed', 'Needs to be restored'; blank means unanswered and is never guessed."
plan_annual,D,rights.govBenefits,Right to apply for government benefits status,enum,,required,,PLAN_RIGHT_STATES,none,persisted,input,,,,,src/core/filing/models/plan-annual.js,emptyDataPlanAnnual(),,"Configured right state. Milestone 68G: the domain is the court form's four columns -- stored 'Capable of restoration' (shown as Yes), 'No' (new), 'Not removed', 'Needs to be restored'; blank means unanswered and is never guessed."
plan_annual,D,rights.driver,Right to hold driver's license status,enum,,required,,PLAN_RIGHT_STATES,none,persisted,input,,,,,src/core/filing/models/plan-annual.js,emptyDataPlanAnnual(),,"Configured right state. Milestone 68G: the domain is the court form's four columns -- stored 'Capable of restoration' (shown as Yes), 'No' (new), 'Not removed', 'Needs to be restored'; blank means unanswered and is never guessed."
plan_annual,D,rights.travel,Right to travel status,enum,,required,,PLAN_RIGHT_STATES,none,persisted,input,,,,,src/core/filing/models/plan-annual.js,emptyDataPlanAnnual(),,"Configured right state. Milestone 68G: the domain is the court form's four columns -- stored 'Capable of restoration' (shown as Yes), 'No' (new), 'Not removed', 'Needs to be restored'; blank means unanswered and is never guessed."
plan_annual,D,rights.employment,Right to seek or retain employment status,enum,,required,,PLAN_RIGHT_STATES,none,persisted,input,,,,,src/core/filing/models/plan-annual.js,emptyDataPlanAnnual(),,"Configured right state. Milestone 68G: the domain is the court form's four columns -- stored 'Capable of restoration' (shown as Yes), 'No' (new), 'Not removed', 'Needs to be restored'; blank means unanswered and is never guessed."
plan_annual,D,rights.contract,Right to contract status,enum,,required,,PLAN_RIGHT_STATES,none,persisted,input,,,,,src/core/filing/models/plan-annual.js,emptyDataPlanAnnual(),,"Configured right state. Milestone 68G: the domain is the court form's four columns -- stored 'Capable of restoration' (shown as Yes), 'No' (new), 'Not removed', 'Needs to be restored'; blank means unanswered and is never guessed."
plan_annual,D,rights.sue,Right to sue and be sued status,enum,,required,,PLAN_RIGHT_STATES,none,persisted,input,,,,,src/core/filing/models/plan-annual.js,emptyDataPlanAnnual(),,"Configured right state. Milestone 68G: the domain is the court form's four columns -- stored 'Capable of restoration' (shown as Yes), 'No' (new), 'Not removed', 'Needs to be restored'; blank means unanswered and is never guessed."
plan_annual,D,rights.property,Right to manage/dispose of property status,enum,,required,,PLAN_RIGHT_STATES,none,persisted,input,,,,,src/core/filing/models/plan-annual.js,emptyDataPlanAnnual(),,"Configured right state. Milestone 68G: the domain is the court form's four columns -- stored 'Capable of restoration' (shown as Yes), 'No' (new), 'Not removed', 'Needs to be restored'; blank means unanswered and is never guessed."
plan_annual,D,rights.residence,Right to determine residence status,enum,,required,,PLAN_RIGHT_STATES,none,persisted,input,,,,,src/core/filing/models/plan-annual.js,emptyDataPlanAnnual(),,"Configured right state. Milestone 68G: the domain is the court form's four columns -- stored 'Capable of restoration' (shown as Yes), 'No' (new), 'Not removed', 'Needs to be restored'; blank means unanswered and is never guessed."
plan_annual,D,rights.medical,Right to consent to medical treatment status,enum,,required,,PLAN_RIGHT_STATES,none,persisted,input,,,,,src/core/filing/models/plan-annual.js,emptyDataPlanAnnual(),,"Configured right state. Milestone 68G: the domain is the court form's four columns -- stored 'Capable of restoration' (shown as Yes), 'No' (new), 'Not removed', 'Needs to be restored'; blank means unanswered and is never guessed."
plan_annual,D,rights.social,Right to make social-environment decisions status,enum,,required,,PLAN_RIGHT_STATES,none,persisted,input,,,,,src/core/filing/models/plan-annual.js,emptyDataPlanAnnual(),,"Configured right state. Milestone 68G: the domain is the court form's four columns -- stored 'Capable of restoration' (shown as Yes), 'No' (new), 'Not removed', 'Needs to be restored'; blank means unanswered and is never guessed."
plan_annual,D,adls.eating,Eating ability rating,enum,,required,,PLAN_ADL_RATINGS,none,persisted,input,,,,,src/core/filing/models/plan-annual.js,emptyDataPlanAnnual(),,Configured ADL rating
plan_annual,D,adls.prepareMeals,Prepare meals ability rating,enum,,required,,PLAN_ADL_RATINGS,none,persisted,input,,,,,src/core/filing/models/plan-annual.js,emptyDataPlanAnnual(),,Configured ADL rating
plan_annual,D,adls.heavyChores,Heavy chores ability rating,enum,,required,,PLAN_ADL_RATINGS,none,persisted,input,,,,,src/core/filing/models/plan-annual.js,emptyDataPlanAnnual(),,Configured ADL rating
plan_annual,D,adls.lightHousekeeping,Light housekeeping ability rating,enum,,required,,PLAN_ADL_RATINGS,none,persisted,input,,,,,src/core/filing/models/plan-annual.js,emptyDataPlanAnnual(),,Configured ADL rating
plan_annual,D,adls.managingMoney,Managing money ability rating,enum,,required,,PLAN_ADL_RATINGS,none,persisted,input,,,,,src/core/filing/models/plan-annual.js,emptyDataPlanAnnual(),,Configured ADL rating
plan_annual,D,adls.dressing,Dressing ability rating,enum,,required,,PLAN_ADL_RATINGS,none,persisted,input,,,,,src/core/filing/models/plan-annual.js,emptyDataPlanAnnual(),,Configured ADL rating
plan_annual,D,adls.transportation,Transportation ability rating,enum,,required,,PLAN_ADL_RATINGS,none,persisted,input,,,,,src/core/filing/models/plan-annual.js,emptyDataPlanAnnual(),,Configured ADL rating
plan_annual,D,adls.walking,Walking/mobility rating,enum,,required,,PLAN_ADL_RATINGS,none,persisted,input,,,,,src/core/filing/models/plan-annual.js,emptyDataPlanAnnual(),,Configured ADL rating
plan_annual,D,adls.toileting,Toileting ability rating,enum,,required,,PLAN_ADL_RATINGS,none,persisted,input,,,,,src/core/filing/models/plan-annual.js,emptyDataPlanAnnual(),,Configured ADL rating
plan_annual,D,adls.stairs,Climbing stairs ability rating,enum,,required,,PLAN_ADL_RATINGS,none,persisted,input,,,,,src/core/filing/models/plan-annual.js,emptyDataPlanAnnual(),,Configured ADL rating
plan_annual,D,adls.transferring,Transfer ability rating,enum,,required,,PLAN_ADL_RATINGS,none,persisted,input,,,,,src/core/filing/models/plan-annual.js,emptyDataPlanAnnual(),,Configured ADL rating
plan_annual,D,adls.laundry,Laundry ability rating,enum,,required,,PLAN_ADL_RATINGS,none,persisted,input,,,,,src/core/filing/models/plan-annual.js,emptyDataPlanAnnual(),,Configured ADL rating
plan_annual,D,adls.shopping,Shopping ability rating,enum,,required,,PLAN_ADL_RATINGS,none,persisted,input,,,,,src/core/filing/models/plan-annual.js,emptyDataPlanAnnual(),,Configured ADL rating
plan_annual,D,adls.bathing,Bathing ability rating,enum,,required,,PLAN_ADL_RATINGS,none,persisted,input,,,,,src/core/filing/models/plan-annual.js,emptyDataPlanAnnual(),,Configured ADL rating
plan_annual,D,adls.grooming,Grooming ability rating,enum,,required,,PLAN_ADL_RATINGS,none,persisted,input,,,,,src/core/filing/models/plan-annual.js,emptyDataPlanAnnual(),,Configured ADL rating
plan_annual,D,adls.medication,Medication administration ability rating,enum,,required,,PLAN_ADL_RATINGS,none,persisted,input,,,,,src/core/filing/models/plan-annual.js,emptyDataPlanAnnual(),,Configured ADL rating
plan_annual,D,benefits.socialSecurity.eligible,Social Security eligibility,enum,,optional,,Yes; No,none,persisted,input,,,,,src/core/filing/models/plan-annual.js,emptyDataPlanAnnual(),,Tri-state string; legacy booleans migrate true to Yes and false to No
plan_annual,D,benefits.ssdi.eligible,SSDI eligibility,enum,,optional,,Yes; No,none,persisted,input,,,,,src/core/filing/models/plan-annual.js,emptyDataPlanAnnual(),,Tri-state string; legacy booleans migrate true to Yes and false to No
plan_annual,D,benefits.hmo.eligible,HMO eligibility,enum,,optional,,Yes; No,none,persisted,input,,,,,src/core/filing/models/plan-annual.js,emptyDataPlanAnnual(),,Tri-state string; legacy booleans migrate true to Yes and false to No
plan_annual,D,benefits.ssi.eligible,SSI eligibility,enum,,optional,,Yes; No,none,persisted,input,,,,,src/core/filing/models/plan-annual.js,emptyDataPlanAnnual(),,Tri-state string; legacy booleans migrate true to Yes and false to No
plan_annual,D,benefits.stateSupplement.eligible,State supplement eligibility,enum,,optional,,Yes; No,none,persisted,input,,,,,src/core/filing/models/plan-annual.js,emptyDataPlanAnnual(),,Tri-state string; legacy booleans migrate true to Yes and false to No
plan_annual,D,benefits.institutionalCare.eligible,Institutional care program eligibility,enum,,optional,,Yes; No,none,persisted,input,,,,,src/core/filing/models/plan-annual.js,emptyDataPlanAnnual(),,Tri-state string; legacy booleans migrate true to Yes and false to No
plan_annual,D,benefits.supplementalIns.eligible,Supplemental insurance eligibility,enum,,optional,,Yes; No,none,persisted,input,,,,,src/core/filing/models/plan-annual.js,emptyDataPlanAnnual(),,Tri-state string; legacy booleans migrate true to Yes and false to No
plan_annual,D,benefits.pension.eligible,Pension eligibility,enum,,optional,,Yes; No,none,persisted,input,,,,,src/core/filing/models/plan-annual.js,emptyDataPlanAnnual(),,Tri-state string; legacy booleans migrate true to Yes and false to No
plan_annual,D,benefits.medicare.eligible,Medicare eligibility,enum,,optional,,Yes; No,none,persisted,input,,,,,src/core/filing/models/plan-annual.js,emptyDataPlanAnnual(),,Tri-state string; legacy booleans migrate true to Yes and false to No
plan_annual,D,benefits.medicaid.eligible,Medicaid eligibility,enum,,optional,,Yes; No,none,persisted,input,,,,,src/core/filing/models/plan-annual.js,emptyDataPlanAnnual(),,Tri-state string; legacy booleans migrate true to Yes and false to No
plan_annual,D,benefits.trusts.eligible,Trust benefit eligibility,enum,,optional,,Yes; No,none,persisted,input,,,,,src/core/filing/models/plan-annual.js,emptyDataPlanAnnual(),,Tri-state string; legacy booleans migrate true to Yes and false to No
plan_annual,D,benefits.other.eligible,Other benefit eligibility,enum,,optional,,Yes; No,none,persisted,input,,,,,src/core/filing/models/plan-annual.js,emptyDataPlanAnnual(),,Tri-state string; newly introduced status defaults unanswered
plan_annual,D,benefits.socialSecurity.appliedFor,Social Security applied-for status,enum,,optional,,Yes; No,none,persisted,input,,,,,src/core/filing/models/plan-annual.js,emptyDataPlanAnnual(),,Tri-state string; legacy booleans migrate true to Yes and false to No
plan_annual,D,benefits.ssdi.appliedFor,SSDI applied-for status,enum,,optional,,Yes; No,none,persisted,input,,,,,src/core/filing/models/plan-annual.js,emptyDataPlanAnnual(),,Tri-state string; legacy booleans migrate true to Yes and false to No
plan_annual,D,benefits.hmo.appliedFor,HMO applied-for status,enum,,optional,,Yes; No,none,persisted,input,,,,,src/core/filing/models/plan-annual.js,emptyDataPlanAnnual(),,Tri-state string; legacy booleans migrate true to Yes and false to No
plan_annual,D,benefits.ssi.appliedFor,SSI applied-for status,enum,,optional,,Yes; No,none,persisted,input,,,,,src/core/filing/models/plan-annual.js,emptyDataPlanAnnual(),,Tri-state string; legacy booleans migrate true to Yes and false to No
plan_annual,D,benefits.stateSupplement.appliedFor,State supplement applied-for status,enum,,optional,,Yes; No,none,persisted,input,,,,,src/core/filing/models/plan-annual.js,emptyDataPlanAnnual(),,Tri-state string; legacy booleans migrate true to Yes and false to No
plan_annual,D,benefits.institutionalCare.appliedFor,Institutional care program applied-for status,enum,,optional,,Yes; No,none,persisted,input,,,,,src/core/filing/models/plan-annual.js,emptyDataPlanAnnual(),,Tri-state string; legacy booleans migrate true to Yes and false to No
plan_annual,D,benefits.supplementalIns.appliedFor,Supplemental insurance applied-for status,enum,,optional,,Yes; No,none,persisted,input,,,,,src/core/filing/models/plan-annual.js,emptyDataPlanAnnual(),,Tri-state string; legacy booleans migrate true to Yes and false to No
plan_annual,D,benefits.pension.appliedFor,Pension applied-for status,enum,,optional,,Yes; No,none,persisted,input,,,,,src/core/filing/models/plan-annual.js,emptyDataPlanAnnual(),,Tri-state string; legacy booleans migrate true to Yes and false to No
plan_annual,D,benefits.medicare.appliedFor,Medicare applied-for status,enum,,optional,,Yes; No,none,persisted,input,,,,,src/core/filing/models/plan-annual.js,emptyDataPlanAnnual(),,Tri-state string; legacy booleans migrate true to Yes and false to No
plan_annual,D,benefits.medicaid.appliedFor,Medicaid applied-for status,enum,,optional,,Yes; No,none,persisted,input,,,,,src/core/filing/models/plan-annual.js,emptyDataPlanAnnual(),,Tri-state string; legacy booleans migrate true to Yes and false to No
plan_annual,D,benefits.trusts.appliedFor,Trust benefit applied-for status,enum,,optional,,Yes; No,none,persisted,input,,,,,src/core/filing/models/plan-annual.js,emptyDataPlanAnnual(),,Tri-state string; legacy booleans migrate true to Yes and false to No
plan_annual,D,benefits.other.appliedFor,Other benefit applied-for status,enum,,optional,,Yes; No,none,persisted,input,,,,,src/core/filing/models/plan-annual.js,emptyDataPlanAnnual(),,Tri-state string; newly introduced status defaults unanswered
plan_annual,D,q1Residences[].name,Residence/facility name,string,,conditional,populated row,,none,persisted,input,0,unbounded,1,,src/core/filing/models/plan-annual.js (emptyPlanResidence); src/core/form/plan-row-actions.js (addPlanRow),"emptyPlanResidence() / addPlanRow('q1Residences',...)",,Repeatable row
plan_annual,D,q1Residences[].facilityType,Facility type,string,,optional,,,none,persisted,input,0,unbounded,1,,src/core/filing/models/plan-annual.js (emptyPlanResidence); src/core/form/plan-row-actions.js (addPlanRow),"emptyPlanResidence() / addPlanRow('q1Residences',...)",,Repeatable row
plan_annual,D,q1Residences[].street,Residence street,string,,optional,,,none,persisted,input,0,unbounded,1,,src/core/filing/models/plan-annual.js (emptyPlanResidence); src/core/form/plan-row-actions.js (addPlanRow),"emptyPlanResidence() / addPlanRow('q1Residences',...)",,Address component
plan_annual,D,q1Residences[].cityStateZip,Residence city/state/ZIP,string,zip,optional,,,none,persisted,input,0,unbounded,1,,src/core/filing/models/plan-annual.js (emptyPlanResidence); src/core/form/plan-row-actions.js (addPlanRow),"emptyPlanResidence() / addPlanRow('q1Residences',...)",,Address component
plan_annual,D,q1Residences[].phone,Residence phone,string,phone,optional,,,none,persisted,input,0,unbounded,1,,src/core/filing/models/plan-annual.js (emptyPlanResidence); src/core/form/plan-row-actions.js (addPlanRow),"emptyPlanResidence() / addPlanRow('q1Residences',...)",,Formatted phone
plan_annual,D,q1Residences[].from,Resided from,date,iso-date,optional,,,none,persisted,input,0,unbounded,1,,src/core/filing/models/plan-annual.js (emptyPlanResidence); src/core/form/plan-row-actions.js (addPlanRow),"emptyPlanResidence() / addPlanRow('q1Residences',...)",,ISO date
plan_annual,D,q1Residences[].to,Resided to,date,iso-date,optional,,,none,persisted,input,0,unbounded,1,,src/core/filing/models/plan-annual.js (emptyPlanResidence); src/core/form/plan-row-actions.js (addPlanRow),"emptyPlanResidence() / addPlanRow('q1Residences',...)",,ISO date
plan_annual,D,q4Providers[].name,Provider name,string,,conditional,populated row,,none,persisted,input,0,unbounded,1,,src/core/filing/models/plan-annual.js (emptyPlanProvider); src/core/form/plan-row-actions.js (addPlanRow),"emptyPlanProvider() / addPlanRow('q4Providers',...)",,Repeatable row
plan_annual,D,q4Providers[].providerType,Provider type,string,,optional,,,none,persisted,input,0,unbounded,1,,src/core/filing/models/plan-annual.js (emptyPlanProvider); src/core/form/plan-row-actions.js (addPlanRow),"emptyPlanProvider() / addPlanRow('q4Providers',...)",,Provider classification
plan_annual,D,q4Providers[].visits,Number of visits,integer,,optional,,,none,persisted,input,0,unbounded,1,,src/core/filing/models/plan-annual.js (emptyPlanProvider); src/core/form/plan-row-actions.js (addPlanRow),"emptyPlanProvider() / addPlanRow('q4Providers',...)",,Count
plan_annual,D,q4Providers[].street,Provider street,string,,optional,,,none,persisted,input,0,unbounded,1,,src/core/filing/models/plan-annual.js (emptyPlanProvider); src/core/form/plan-row-actions.js (addPlanRow),"emptyPlanProvider() / addPlanRow('q4Providers',...)",,Address component
plan_annual,D,q4Providers[].cityStateZip,Provider city/state/ZIP,string,zip,optional,,,none,persisted,input,0,unbounded,1,,src/core/filing/models/plan-annual.js (emptyPlanProvider); src/core/form/plan-row-actions.js (addPlanRow),"emptyPlanProvider() / addPlanRow('q4Providers',...)",,Address component
plan_annual,D,q4Providers[].phone,Provider phone,string,phone,optional,,,none,persisted,input,0,unbounded,1,,src/core/filing/models/plan-annual.js (emptyPlanProvider); src/core/form/plan-row-actions.js (addPlanRow),"emptyPlanProvider() / addPlanRow('q4Providers',...)",,Formatted phone
plan_annual,D,planGuardians[].name,Plan guardian name,string,,conditional,primary,,none,persisted,input,1,3,1,guardianPartyIds,src/core/filing/models/plan-annual.js,emptyDataPlanAnnual(),,"Repeatable signature row (Milestone 37-6). Seeds with 1 guardian; supports Add/Remove Co-Guardian up to cap of 3. Party-ID sync happens positionally via getPartyIdForSlot('guardian', index)."
plan_annual,D,planGuardians[].ssn,Guardian SSN/EIN,string,ssn-ein,conditional,primary,,government-id,persisted,input,1,3,1,guardianPartyIds,src/core/filing/models/plan-annual.js,emptyDataPlanAnnual(),,Sensitive identifier
plan_annual,D,planGuardians[].mailingStreet,Guardian mailing street,string,,conditional,primary,,none,persisted,input,1,3,1,guardianPartyIds,src/core/filing/models/plan-annual.js,emptyDataPlanAnnual(),,Address component
plan_annual,D,planGuardians[].mailingCityStateZip,Guardian mailing city/state/ZIP,string,zip,conditional,primary,,none,persisted,input,1,3,1,guardianPartyIds,src/core/filing/models/plan-annual.js,emptyDataPlanAnnual(),,Address component
plan_annual,D,planGuardians[].officeStreet,Guardian office street,string,,optional,,,none,persisted,input,1,3,1,guardianPartyIds,src/core/filing/models/plan-annual.js,emptyDataPlanAnnual(),,Address component
plan_annual,D,planGuardians[].officeCityStateZip,Guardian office city/state/ZIP,string,zip,optional,,,none,persisted,input,1,3,1,guardianPartyIds,src/core/filing/models/plan-annual.js,emptyDataPlanAnnual(),,Address component
plan_annual,D,planGuardians[].phone,Guardian phone,string,phone,conditional,primary,,none,persisted,input,1,3,1,guardianPartyIds,src/core/filing/models/plan-annual.js,emptyDataPlanAnnual(),,Formatted phone
plan_annual,D,planGuardians[].email,Guardian email,string,email,optional,"advisory only: a warning, never a blocker, when no attorney is started (Milestone 72C; guardian-email.js guardianEmailAdvisories())",,personal,persisted,input,1,3,1,guardianPartyIds,src/core/filing/models/plan-annual.js,emptyDataPlanAnnual(),,"Milestone 72C: never an export blocker on any form. With no attorney, the print preview warns for each guardian in play without one -- Fla. R. Gen. Prac. & Jud. Admin. 2.515(c) expects each signer's e-mail address for service in the signature block when a document is filed electronically."
plan_annual,D,planGuardians[].signatureDate,Guardian signature date,date,iso-date,conditional,"primary AND signatureState is 'typed' (Milestone 39-C)",,none,persisted,input,1,3,1,guardianPartyIds,src/core/filing/models/plan-annual.js,emptyDataPlanAnnual(),,"ISO date. Milestone 39-C narrowed this from unconditionally required (whenever primary) to conditional on the new three-state signatureState field, same pattern as plan_simplified's 39-B pilot -- see checkSignatureState()."
plan_annual,D,planGuardians[].signatureState,Guardian signature state,enum,,optional,,none; typed; stamp,none,persisted,input,1,3,1,guardianPartyIds,src/core/validation/signature-state.js,checkSignatureState()/SIGNATURE_STATES,,"Milestone 39-C. Tri-state control (Unsigned/""/s/"" Signed/Signature Stamp); missing on legacy filings, inferred at read time via inferLegacySignatureState() -- never persisted as an inferred value, only when the filer actually interacts with the control."
plan_annual,D,planGuardians[].signatureImage,Guardian signature stamp image (base64 PNG),string,base64-png,conditional,signatureState is 'stamp',,document-content,persisted,input,1,3,1,guardianPartyIds,src/core/signature/signature-pad.js,mountSignaturePad()/validateSignatureImage(),,"Milestone 39-C. Max 1024px width, max 100KB, PNG magic-byte validated. No reuse across filings yet -- see MILESTONE-39-PROPOSAL.md 39-D for the versioned per-party stamp this supersedes."
plan_initial,D,q2ALF,Residential setting: Assisted Living (ALF),boolean,,required,,,none,persisted,input,,,,,src/core/filing/plan-initial-multiselect.js,emptyPlanInitialMultiselect() / migratePlanInitialMultiselect(),,"Milestone 68E. Checkbox answer; the court's form shows question 2 as a checkbox list. At least one box is required. Replaces the q2Setting enum; a saved value reads back as its box, free text as Other + q2Explain."
plan_initial,D,q2GroupHome,Residential setting: Group Home,boolean,,required,,,none,persisted,input,,,,,src/core/filing/plan-initial-multiselect.js,emptyPlanInitialMultiselect() / migratePlanInitialMultiselect(),,"Milestone 68E. Checkbox answer; the court's form shows question 2 as a checkbox list. At least one box is required. Replaces the q2Setting enum; a saved value reads back as its box, free text as Other + q2Explain."
plan_initial,D,q2Intermediate,Residential setting: Intermediate,boolean,,required,,,none,persisted,input,,,,,src/core/filing/plan-initial-multiselect.js,emptyPlanInitialMultiselect() / migratePlanInitialMultiselect(),,"Milestone 68E. Checkbox answer; the court's form shows question 2 as a checkbox list. At least one box is required. Replaces the q2Setting enum; a saved value reads back as its box, free text as Other + q2Explain."
plan_initial,D,q2PrivateResidence,Residential setting: Private Residence,boolean,,required,,,none,persisted,input,,,,,src/core/filing/plan-initial-multiselect.js,emptyPlanInitialMultiselect() / migratePlanInitialMultiselect(),,"Milestone 68E. Checkbox answer; the court's form shows question 2 as a checkbox list. At least one box is required. Replaces the q2Setting enum; a saved value reads back as its box, free text as Other + q2Explain."
plan_initial,D,q2SkilledNursing,Residential setting: Skilled Nursing,boolean,,required,,,none,persisted,input,,,,,src/core/filing/plan-initial-multiselect.js,emptyPlanInitialMultiselect() / migratePlanInitialMultiselect(),,"Milestone 68E. Checkbox answer; the court's form shows question 2 as a checkbox list. At least one box is required. Replaces the q2Setting enum; a saved value reads back as its box, free text as Other + q2Explain."
plan_initial,D,q2Specialized,Residential setting: Specialized,boolean,,required,,,none,persisted,input,,,,,src/core/filing/plan-initial-multiselect.js,emptyPlanInitialMultiselect() / migratePlanInitialMultiselect(),,"Milestone 68E. Checkbox answer; the court's form shows question 2 as a checkbox list. At least one box is required. Replaces the q2Setting enum; a saved value reads back as its box, free text as Other + q2Explain."
plan_initial,D,q2StateHospital,Residential setting: State Hospital,boolean,,required,,,none,persisted,input,,,,,src/core/filing/plan-initial-multiselect.js,emptyPlanInitialMultiselect() / migratePlanInitialMultiselect(),,"Milestone 68E. Checkbox answer; the court's form shows question 2 as a checkbox list. At least one box is required. Replaces the q2Setting enum; a saved value reads back as its box, free text as Other + q2Explain."
plan_initial,D,q2Other,Residential setting: Other,boolean,,required,,,none,persisted,input,,,,,src/core/filing/plan-initial-multiselect.js,emptyPlanInitialMultiselect() / migratePlanInitialMultiselect(),,"Milestone 68E. Checkbox answer; the court's form shows question 2 as a checkbox list. At least one box is required. Replaces the q2Setting enum; a saved value reads back as its box, free text as Other + q2Explain."
plan_initial,D,q3MedPrimary,Primary care service provided,boolean,,required,,,none,persisted,input,,,,,src/core/filing/models/plan-initial.js,emptyDataPlanInitial(),,Checkbox answer
plan_initial,D,q3MedDentist,Dentist service provided,boolean,,required,,,none,persisted,input,,,,,src/core/filing/models/plan-initial.js,emptyDataPlanInitial(),,Checkbox answer
plan_initial,D,q3MedOphthalmologist,Ophthalmologist service provided,boolean,,required,,,none,persisted,input,,,,,src/core/filing/models/plan-initial.js,emptyDataPlanInitial(),,Checkbox answer
plan_initial,D,q3MedSpecialist,Specialist service provided,boolean,,required,,,none,persisted,input,,,,,src/core/filing/models/plan-initial.js,emptyDataPlanInitial(),,Checkbox answer
plan_initial,D,q3MedSpecialistArea,Specialist practice area,string,,conditional,q3MedSpecialist is true,,none,persisted,input,,,,,src/core/filing/models/plan-initial.js,emptyDataPlanInitial(),,Required when q3MedSpecialist is true
plan_initial,D,q3MedPT,Physical therapy provided,boolean,,required,,,none,persisted,input,,,,,src/core/filing/models/plan-initial.js,emptyDataPlanInitial(),,Checkbox answer
plan_initial,D,q3MedST,Speech therapy provided,boolean,,required,,,none,persisted,input,,,,,src/core/filing/models/plan-initial.js,emptyDataPlanInitial(),,Checkbox answer
plan_initial,D,q3MedOT,Occupational therapy provided,boolean,,required,,,none,persisted,input,,,,,src/core/filing/models/plan-initial.js,emptyDataPlanInitial(),,Checkbox answer
plan_initial,D,q3MedWardDecides,Ward decides medical care,boolean,,required,,,none,persisted,input,,,,,src/core/filing/models/plan-initial.js,emptyDataPlanInitial(),,Checkbox answer
plan_initial,D,q3MedOther,Other medical service provided,boolean,,required,,,none,persisted,input,,,,,src/core/filing/models/plan-initial.js,emptyDataPlanInitial(),,Checkbox answer
plan_initial,D,q3MedExplain,Medical service explanation,string,,conditional,q3MedOther is true,,none,persisted,input,,,,,src/core/filing/models/plan-initial.js,emptyDataPlanInitial(),,Required when q3MedOther is true
plan_initial,D,q4Psych,Mental health: routine examination by Psychiatrist/Psychologist,boolean,,required,,,none,persisted,input,,,,,src/core/filing/plan-initial-multiselect.js,emptyPlanInitialMultiselect() / migratePlanInitialMultiselect(),,"Milestone 68E. Checkbox answer; the court's form shows question 4 as a checkbox list. At least one box is required; None is exclusive with the other boxes and, like Other, needs q4Explain. Replaces the q4Mental enum."
plan_initial,D,q4Outpatient,Mental health: ongoing treatment (outpatient),boolean,,required,,,none,persisted,input,,,,,src/core/filing/plan-initial-multiselect.js,emptyPlanInitialMultiselect() / migratePlanInitialMultiselect(),,"Milestone 68E. Checkbox answer; the court's form shows question 4 as a checkbox list. At least one box is required; None is exclusive with the other boxes and, like Other, needs q4Explain. Replaces the q4Mental enum."
plan_initial,D,q4Inpatient,Mental health: ongoing treatment (inpatient),boolean,,required,,,none,persisted,input,,,,,src/core/filing/plan-initial-multiselect.js,emptyPlanInitialMultiselect() / migratePlanInitialMultiselect(),,"Milestone 68E. Checkbox answer; the court's form shows question 4 as a checkbox list. At least one box is required; None is exclusive with the other boxes and, like Other, needs q4Explain. Replaces the q4Mental enum."
plan_initial,D,q4None,Mental health: None,boolean,,required,,,none,persisted,input,,,,,src/core/filing/plan-initial-multiselect.js,emptyPlanInitialMultiselect() / migratePlanInitialMultiselect(),,"Milestone 68E. Checkbox answer; the court's form shows question 4 as a checkbox list. At least one box is required; None is exclusive with the other boxes and, like Other, needs q4Explain. Replaces the q4Mental enum."
plan_initial,D,q4Other,Mental health: Other,boolean,,required,,,none,persisted,input,,,,,src/core/filing/plan-initial-multiselect.js,emptyPlanInitialMultiselect() / migratePlanInitialMultiselect(),,"Milestone 68E. Checkbox answer; the court's form shows question 4 as a checkbox list. At least one box is required; None is exclusive with the other boxes and, like Other, needs q4Explain. Replaces the q4Mental enum."
plan_initial,D,q5CareFacility,Personal care: Care Facility,boolean,,required,,,none,persisted,input,,,,,src/core/filing/plan-initial-multiselect.js,emptyPlanInitialMultiselect() / migratePlanInitialMultiselect(),,"Milestone 68E. Checkbox answer; the court's form shows question 5 as a checkbox list. At least one box is required. Replaces the q5Personal enum; a saved value reads back as its box, free text as Other + q5Explain."
plan_initial,D,q5NursesAides,Personal care: Nurses and Aides,boolean,,required,,,none,persisted,input,,,,,src/core/filing/plan-initial-multiselect.js,emptyPlanInitialMultiselect() / migratePlanInitialMultiselect(),,"Milestone 68E. Checkbox answer; the court's form shows question 5 as a checkbox list. At least one box is required. Replaces the q5Personal enum; a saved value reads back as its box, free text as Other + q5Explain."
plan_initial,D,q5FamilyFriends,Personal care: Family and Friends,boolean,,required,,,none,persisted,input,,,,,src/core/filing/plan-initial-multiselect.js,emptyPlanInitialMultiselect() / migratePlanInitialMultiselect(),,"Milestone 68E. Checkbox answer; the court's form shows question 5 as a checkbox list. At least one box is required. Replaces the q5Personal enum; a saved value reads back as its box, free text as Other + q5Explain."
plan_initial,D,q5Other,Personal care: Other,boolean,,required,,,none,persisted,input,,,,,src/core/filing/plan-initial-multiselect.js,emptyPlanInitialMultiselect() / migratePlanInitialMultiselect(),,"Milestone 68E. Checkbox answer; the court's form shows question 5 as a checkbox list. At least one box is required. Replaces the q5Personal enum; a saved value reads back as its box, free text as Other + q5Explain."
plan_initial,D,q6CareFacility,Socialization via care facility,boolean,,required,,,none,persisted,input,,,,,src/core/filing/models/plan-initial.js,emptyDataPlanInitial(),,Checkbox answer
plan_initial,D,q6NursesAides,Socialization via nurses/aides,boolean,,required,,,none,persisted,input,,,,,src/core/filing/models/plan-initial.js,emptyDataPlanInitial(),,Checkbox answer
plan_initial,D,q6FamilyFriends,Socialization via family/friends,boolean,,required,,,none,persisted,input,,,,,src/core/filing/models/plan-initial.js,emptyDataPlanInitial(),,Checkbox answer
plan_initial,D,q6DayProgram,Socialization via day program,boolean,,required,,,none,persisted,input,,,,,src/core/filing/models/plan-initial.js,emptyDataPlanInitial(),,Checkbox answer
plan_initial,D,q6WardDecides,Ward decides socialization/recreation,boolean,,required,,,none,persisted,input,,,,,src/core/filing/models/plan-initial.js,emptyDataPlanInitial(),,Checkbox answer
plan_initial,D,q6Other,Other socialization/recreation arrangement,boolean,,required,,,none,persisted,input,,,,,src/core/filing/models/plan-initial.js,emptyDataPlanInitial(),,Checkbox answer
plan_initial,D,q6Explain,Socialization/recreation explanation,string,,conditional,q6Other is true,,none,persisted,input,,,,,src/core/filing/models/plan-initial.js,emptyDataPlanInitial(),,Required when q6Other is true
plan_initial,D,q7SocialSecurity,Social Security benefit status,enum,,optional,,Yes; No,none,persisted,input,,,,,src/core/filing/models/plan-initial.js,emptyDataPlanInitial(),,Tri-state string; legacy booleans migrate true to Yes and false to No
plan_initial,D,q7Ssdi,SSDI benefit status,enum,,optional,,Yes; No,none,persisted,input,,,,,src/core/filing/models/plan-initial.js,emptyDataPlanInitial(),,Tri-state string; legacy booleans migrate true to Yes and false to No
plan_initial,D,q7Hmo,HMO benefit status,enum,,optional,,Yes; No,none,persisted,input,,,,,src/core/filing/models/plan-initial.js,emptyDataPlanInitial(),,Tri-state string; legacy booleans migrate true to Yes and false to No
plan_initial,D,q7Ssi,SSI benefit status,enum,,optional,,Yes; No,none,persisted,input,,,,,src/core/filing/models/plan-initial.js,emptyDataPlanInitial(),,Tri-state string; legacy booleans migrate true to Yes and false to No
plan_initial,D,q7StateSupplement,State supplement benefit status,enum,,optional,,Yes; No,none,persisted,input,,,,,src/core/filing/models/plan-initial.js,emptyDataPlanInitial(),,Tri-state string; legacy booleans migrate true to Yes and false to No
plan_initial,D,q7InstitutionalCare,Institutional care benefit status,enum,,optional,,Yes; No,none,persisted,input,,,,,src/core/filing/models/plan-initial.js,emptyDataPlanInitial(),,Tri-state string; legacy booleans migrate true to Yes and false to No
plan_initial,D,q7SupplementalIns,Supplemental insurance status,enum,,optional,,Yes; No,none,persisted,input,,,,,src/core/filing/models/plan-initial.js,emptyDataPlanInitial(),,Tri-state string; legacy booleans migrate true to Yes and false to No
plan_initial,D,q7Pension,Pension benefit status,enum,,optional,,Yes; No,none,persisted,input,,,,,src/core/filing/models/plan-initial.js,emptyDataPlanInitial(),,Tri-state string; legacy booleans migrate true to Yes and false to No
plan_initial,D,q7Medicare,Medicare benefit status,enum,,optional,,Yes; No,none,persisted,input,,,,,src/core/filing/models/plan-initial.js,emptyDataPlanInitial(),,Tri-state string; legacy booleans migrate true to Yes and false to No
plan_initial,D,q7Medicaid,Medicaid benefit status,enum,,optional,,Yes; No,none,persisted,input,,,,,src/core/filing/models/plan-initial.js,emptyDataPlanInitial(),,Tri-state string; legacy booleans migrate true to Yes and false to No
plan_initial,D,q7Va,VA benefit status,enum,,optional,,Yes; No,none,persisted,input,,,,,src/core/filing/models/plan-initial.js,emptyDataPlanInitial(),,Tri-state string; legacy booleans migrate true to Yes and false to No
plan_initial,D,q7Trusts,Trust benefit status,enum,,optional,,Yes; No,none,persisted,input,,,,,src/core/filing/models/plan-initial.js,emptyDataPlanInitial(),,Tri-state string; legacy booleans migrate true to Yes and false to No
plan_initial,D,q7PendingBenefits,Pending benefits indicator,enum,,optional,,Yes; No,none,persisted,input,,,,,src/core/filing/models/plan-initial.js,emptyDataPlanInitial(),,Tri-state string; legacy booleans migrate true to Yes and false to No
plan_initial,D,q7Other,Other benefit/insurance status,boolean,,optional,,,none,persisted,input,,,,,src/core/filing/models/plan-initial.js,emptyDataPlanInitial(),,Checkbox answer
plan_initial,D,q7Explain,Benefits and insurance explanation,string,,conditional,q7Other is true or q7Trusts or q7PendingBenefits is 'Yes',,none,persisted,input,,,,,src/core/filing/models/plan-initial.js,emptyDataPlanInitial(),,Required when Other is checked or Trusts/Pending Benefits is Yes
plan_initial,D,q9Providers[].name,Examining provider name,string,,conditional,populated row,,none,persisted,input,0,unbounded,1,,src/core/filing/models/plan-initial.js (emptyInitialProvider); src/core/form/plan-row-actions.js (addPlanRow),"emptyInitialProvider() / addPlanRow('q9Providers',...)",,Repeatable row field
plan_initial,D,q9Providers[].providerType,Examining provider type,string,,optional,,,none,persisted,input,0,unbounded,1,,src/core/filing/models/plan-initial.js (emptyInitialProvider); src/core/form/plan-row-actions.js (addPlanRow),"emptyInitialProvider() / addPlanRow('q9Providers',...)",,Repeatable row field
plan_initial,D,q9Providers[].examDate,Exam date,date,iso-date,optional,,,none,persisted,input,0,unbounded,1,,src/core/filing/models/plan-initial.js (emptyInitialProvider); src/core/form/plan-row-actions.js (addPlanRow),"emptyInitialProvider() / addPlanRow('q9Providers',...)",,ISO date
plan_initial,D,q9Providers[].street,Examining provider street,string,,optional,,,none,persisted,input,0,unbounded,1,,src/core/filing/models/plan-initial.js (emptyInitialProvider); src/core/form/plan-row-actions.js (addPlanRow),"emptyInitialProvider() / addPlanRow('q9Providers',...)",,Address component
plan_initial,D,q9Providers[].cityStateZip,Examining provider city/state/ZIP,string,zip,optional,,,none,persisted,input,0,unbounded,1,,src/core/filing/models/plan-initial.js (emptyInitialProvider); src/core/form/plan-row-actions.js (addPlanRow),"emptyInitialProvider() / addPlanRow('q9Providers',...)",,Address component
plan_initial,D,q9Providers[].phone,Examining provider phone,string,phone,optional,,,none,persisted,input,0,unbounded,1,,src/core/filing/models/plan-initial.js (emptyInitialProvider); src/core/form/plan-row-actions.js (addPlanRow),"emptyInitialProvider() / addPlanRow('q9Providers',...)",,Formatted phone
plan_initial,D,adls.lightHousekeeping,Light housekeeping ability rating,enum,,required,,PLAN_ADL_RATINGS,none,persisted,input,,,,,src/core/filing/models/plan-initial.js,emptyDataPlanInitial(),,Configured ADL rating
plan_initial,D,adls.medication,Medication administration ability rating,enum,,required,,PLAN_ADL_RATINGS,none,persisted,input,,,,,src/core/filing/models/plan-initial.js,emptyDataPlanInitial(),,Configured ADL rating
plan_initial,D,adls.managingMoney,Managing money ability rating,enum,,required,,PLAN_ADL_RATINGS,none,persisted,input,,,,,src/core/filing/models/plan-initial.js,emptyDataPlanInitial(),,Configured ADL rating
plan_initial,D,adls.bathing,Bathing ability rating,enum,,required,,PLAN_ADL_RATINGS,none,persisted,input,,,,,src/core/filing/models/plan-initial.js,emptyDataPlanInitial(),,Configured ADL rating
plan_initial,D,adls.prepareMeals,Prepare meals ability rating,enum,,required,,PLAN_ADL_RATINGS,none,persisted,input,,,,,src/core/filing/models/plan-initial.js,emptyDataPlanInitial(),,Configured ADL rating
plan_initial,D,adls.stairs,Climbing stairs ability rating,enum,,required,,PLAN_ADL_RATINGS,none,persisted,input,,,,,src/core/filing/models/plan-initial.js,emptyDataPlanInitial(),,Configured ADL rating
plan_initial,D,adls.shopping,Shopping ability rating,enum,,required,,PLAN_ADL_RATINGS,none,persisted,input,,,,,src/core/filing/models/plan-initial.js,emptyDataPlanInitial(),,Configured ADL rating
plan_initial,D,adls.laundry,Laundry ability rating,enum,,required,,PLAN_ADL_RATINGS,none,persisted,input,,,,,src/core/filing/models/plan-initial.js,emptyDataPlanInitial(),,Configured ADL rating
plan_initial,D,adls.toileting,Toileting ability rating,enum,,required,,PLAN_ADL_RATINGS,none,persisted,input,,,,,src/core/filing/models/plan-initial.js,emptyDataPlanInitial(),,Configured ADL rating
plan_initial,D,adls.dressing,Dressing ability rating,enum,,required,,PLAN_ADL_RATINGS,none,persisted,input,,,,,src/core/filing/models/plan-initial.js,emptyDataPlanInitial(),,Configured ADL rating
plan_initial,D,adls.transferring,Transfer ability rating,enum,,required,,PLAN_ADL_RATINGS,none,persisted,input,,,,,src/core/filing/models/plan-initial.js,emptyDataPlanInitial(),,Configured ADL rating
plan_initial,D,adls.eating,Eating ability rating,enum,,required,,PLAN_ADL_RATINGS,none,persisted,input,,,,,src/core/filing/models/plan-initial.js,emptyDataPlanInitial(),,Configured ADL rating
plan_initial,D,adls.walking,Walking/mobility ability rating,enum,,required,,PLAN_ADL_RATINGS,none,persisted,input,,,,,src/core/filing/models/plan-initial.js,emptyDataPlanInitial(),,Configured ADL rating
plan_initial,D,adls.grooming,Grooming ability rating,enum,,required,,PLAN_ADL_RATINGS,none,persisted,input,,,,,src/core/filing/models/plan-initial.js,emptyDataPlanInitial(),,Configured ADL rating
plan_initial,D,adls.heavyChores,Heavy chores ability rating,enum,,required,,PLAN_ADL_RATINGS,none,persisted,input,,,,,src/core/filing/models/plan-initial.js,emptyDataPlanInitial(),,Configured ADL rating
plan_initial,D,mentalAlzheimers,Alzheimer's diagnosis indicator,boolean,,required,,,none,persisted,input,,,,,src/core/filing/models/plan-initial.js,emptyDataPlanInitial(),,Checkbox answer
plan_initial,D,mentalAutism,Autism diagnosis indicator,boolean,,required,,,none,persisted,input,,,,,src/core/filing/models/plan-initial.js,emptyDataPlanInitial(),,Checkbox answer
plan_initial,D,mentalClosedHeadInjury,Closed head injury indicator,boolean,,required,,,none,persisted,input,,,,,src/core/filing/models/plan-initial.js,emptyDataPlanInitial(),,Checkbox answer
plan_initial,D,mentalDementia,Dementia diagnosis indicator,boolean,,required,,,none,persisted,input,,,,,src/core/filing/models/plan-initial.js,emptyDataPlanInitial(),,Checkbox answer
plan_initial,D,mentalDepression,Depression diagnosis indicator,boolean,,required,,,none,persisted,input,,,,,src/core/filing/models/plan-initial.js,emptyDataPlanInitial(),,Checkbox answer
plan_initial,D,mentalDevelopmental,Developmental disability indicator,boolean,,required,,,none,persisted,input,,,,,src/core/filing/models/plan-initial.js,emptyDataPlanInitial(),,Checkbox answer
plan_initial,D,mentalSubstance,Substance-related diagnosis indicator,boolean,,required,,,none,persisted,input,,,,,src/core/filing/models/plan-initial.js,emptyDataPlanInitial(),,Checkbox answer
plan_initial,D,mentalSchizophrenia,Schizophrenia diagnosis indicator,boolean,,required,,,none,persisted,input,,,,,src/core/filing/models/plan-initial.js,emptyDataPlanInitial(),,Checkbox answer
plan_initial,D,mentalOther,Other mental condition indicator,boolean,,required,,,none,persisted,input,,,,,src/core/filing/models/plan-initial.js,emptyDataPlanInitial(),,Checkbox answer
plan_initial,D,mentalExplain,Mental condition explanation,string,,conditional,mentalOther is true,,none,persisted,input,,,,,src/core/filing/models/plan-initial.js,emptyDataPlanInitial(),,Required when mentalOther is true
plan_initial,D,physMobility,Mobility impairment indicator,boolean,,required,,,none,persisted,input,,,,,src/core/filing/models/plan-initial.js,emptyDataPlanInitial(),,Checkbox answer
plan_initial,D,physBlindness,Blindness indicator,boolean,,required,,,none,persisted,input,,,,,src/core/filing/models/plan-initial.js,emptyDataPlanInitial(),,Checkbox answer
plan_initial,D,physDeafness,Deafness indicator,boolean,,required,,,none,persisted,input,,,,,src/core/filing/models/plan-initial.js,emptyDataPlanInitial(),,Checkbox answer
plan_initial,D,physDiabetic,Diabetes indicator,boolean,,required,,,none,persisted,input,,,,,src/core/filing/models/plan-initial.js,emptyDataPlanInitial(),,Checkbox answer
plan_initial,D,physParkinsons,Parkinson's indicator,boolean,,required,,,none,persisted,input,,,,,src/core/filing/models/plan-initial.js,emptyDataPlanInitial(),,Checkbox answer
plan_initial,D,physArthritis,Arthritis indicator,boolean,,required,,,none,persisted,input,,,,,src/core/filing/models/plan-initial.js,emptyDataPlanInitial(),,Checkbox answer
plan_initial,D,physOther,Other physical condition indicator,boolean,,required,,,none,persisted,input,,,,,src/core/filing/models/plan-initial.js,emptyDataPlanInitial(),,Checkbox answer
plan_initial,D,physExplain,Physical condition explanation,string,,conditional,physOther is true,,none,persisted,input,,,,,src/core/filing/models/plan-initial.js,emptyDataPlanInitial(),,Required when physOther is true
plan_initial,D,usesDentures,Dentures currently used,boolean,,required,,,none,persisted,input,,,,,src/core/filing/models/plan-initial.js,emptyDataPlanInitial(),,Checkbox answer
plan_initial,D,usesHearingAid,Hearing aid currently used,boolean,,required,,,none,persisted,input,,,,,src/core/filing/models/plan-initial.js,emptyDataPlanInitial(),,Checkbox answer
plan_initial,D,usesWheelchair,Wheelchair currently used,boolean,,required,,,none,persisted,input,,,,,src/core/filing/models/plan-initial.js,emptyDataPlanInitial(),,Checkbox answer
plan_initial,D,usesWalker,Walker currently used,boolean,,required,,,none,persisted,input,,,,,src/core/filing/models/plan-initial.js,emptyDataPlanInitial(),,Checkbox answer
plan_initial,D,usesCrutches,Crutches currently used,boolean,,required,,,none,persisted,input,,,,,src/core/filing/models/plan-initial.js,emptyDataPlanInitial(),,Checkbox answer
plan_initial,D,usesProsthetics,Prosthetics currently used,boolean,,required,,,none,persisted,input,,,,,src/core/filing/models/plan-initial.js,emptyDataPlanInitial(),,Checkbox answer
plan_initial,D,usesGlasses,Glasses currently used,boolean,,required,,,none,persisted,input,,,,,src/core/filing/models/plan-initial.js,emptyDataPlanInitial(),,Checkbox answer
plan_initial,D,usesNone,No assistive devices currently used,boolean,,required,,,none,persisted,input,,,,,src/core/filing/models/plan-initial.js,emptyDataPlanInitial(),,Checkbox answer
plan_initial,D,usesOther,Other assistive device currently used,boolean,,required,,,none,persisted,input,,,,,src/core/filing/models/plan-initial.js,emptyDataPlanInitial(),,Checkbox answer
plan_initial,D,usesExplain,Assistive-device-in-use explanation,string,,conditional,usesOther is true,,none,persisted,input,,,,,src/core/filing/models/plan-initial.js,emptyDataPlanInitial(),,Required when usesOther is true
plan_initial,D,needsDentures,Dentures needed,boolean,,required,,,none,persisted,input,,,,,src/core/filing/models/plan-initial.js,emptyDataPlanInitial(),,Checkbox answer
plan_initial,D,needsHearingAid,Hearing aid needed,boolean,,required,,,none,persisted,input,,,,,src/core/filing/models/plan-initial.js,emptyDataPlanInitial(),,Checkbox answer
plan_initial,D,needsWheelchair,Wheelchair needed,boolean,,required,,,none,persisted,input,,,,,src/core/filing/models/plan-initial.js,emptyDataPlanInitial(),,Checkbox answer
plan_initial,D,needsWalker,Walker needed,boolean,,required,,,none,persisted,input,,,,,src/core/filing/models/plan-initial.js,emptyDataPlanInitial(),,Checkbox answer
plan_initial,D,needsCrutches,Crutches needed,boolean,,required,,,none,persisted,input,,,,,src/core/filing/models/plan-initial.js,emptyDataPlanInitial(),,Checkbox answer
plan_initial,D,needsProsthetics,Prosthetics needed,boolean,,required,,,none,persisted,input,,,,,src/core/filing/models/plan-initial.js,emptyDataPlanInitial(),,Checkbox answer
plan_initial,D,needsGlasses,Glasses needed,boolean,,required,,,none,persisted,input,,,,,src/core/filing/models/plan-initial.js,emptyDataPlanInitial(),,Checkbox answer
plan_initial,D,needsNone,No assistive devices needed,boolean,,required,,,none,persisted,input,,,,,src/core/filing/models/plan-initial.js,emptyDataPlanInitial(),,Checkbox answer
plan_initial,D,needsOther,Other assistive device needed,boolean,,required,,,none,persisted,input,,,,,src/core/filing/models/plan-initial.js,emptyDataPlanInitial(),,Checkbox answer
plan_initial,D,needsExplain,Assistive-device-needed explanation,string,,conditional,needsOther is true,,none,persisted,input,,,,,src/core/filing/models/plan-initial.js,emptyDataPlanInitial(),,Required when needsOther is true
plan_initial,D,committeeIncorporated,Committee recommendations incorporated,enum,,required,,Yes; No,none,persisted,input,,,,,src/core/filing/models/plan-initial.js,emptyDataPlanInitial(),,Tri-state Yes/No; new records begin unanswered ('')
plan_initial,D,q11Directives[].title,Advance directive title,string,,conditional,populated row,,none,persisted,input,0,unbounded,0,,src/core/filing/models/plan-annual.js (emptyPlanDirective); src/core/filing/models/plan-initial.js (emptyDataPlanInitial),emptyPlanDirective() / emptyDataPlanInitial(),,Repeatable row field. Milestone 37-4: created only once q11Executed is checked (one blank row via the checkbox handler; or via + Add Directive); zero rows by default and while unchecked; populated rows preserved when unchecked. Add/Remove exist -- no Duplicate.
plan_initial,D,q11Directives[].dateSigned,Advance directive signed date,date,iso-date,optional,,,none,persisted,input,0,unbounded,0,,src/core/filing/models/plan-annual.js (emptyPlanDirective); src/core/filing/models/plan-initial.js (emptyDataPlanInitial),emptyPlanDirective() / emptyDataPlanInitial(),,ISO date
plan_initial,D,q11Directives[].signedBy,Advance directive signed by,string,,optional,,,none,persisted,input,0,unbounded,0,,src/core/filing/models/plan-annual.js (emptyPlanDirective); src/core/filing/models/plan-initial.js (emptyDataPlanInitial),emptyPlanDirective() / emptyDataPlanInitial(),,Signer name
plan_initial,D,q11Directives[].agents,Advance directive agents,string,,optional,,,none,persisted,input,0,unbounded,0,,src/core/filing/models/plan-annual.js (emptyPlanDirective); src/core/filing/models/plan-initial.js (emptyDataPlanInitial),emptyPlanDirective() / emptyDataPlanInitial(),,Named agents
plan_initial,D,q11Directives[].alternates,Advance directive alternates,string,,optional,,,none,persisted,input,0,unbounded,0,,src/core/filing/models/plan-annual.js (emptyPlanDirective); src/core/filing/models/plan-initial.js (emptyDataPlanInitial),emptyPlanDirective() / emptyDataPlanInitial(),,Alternate agents
plan_initial,D,q11Directives[].relationship,Advance directive relationship,string,,optional,,,none,persisted,input,0,unbounded,0,,src/core/filing/models/plan-annual.js (emptyPlanDirective); src/core/filing/models/plan-initial.js (emptyDataPlanInitial),emptyPlanDirective() / emptyDataPlanInitial(),,Relationship field
plan_initial,D,q11Directives[].contact,Advance directive contact,string,,optional,,,none,persisted,input,0,unbounded,0,,src/core/filing/models/plan-annual.js (emptyPlanDirective); src/core/filing/models/plan-initial.js (emptyDataPlanInitial),emptyPlanDirective() / emptyDataPlanInitial(),,Contact details
plan_initial,D,q11Directives[].courtRevoked,Advance directive court revoked indicator,enum,,conditional,directive row is populated,Yes; No,none,persisted,input,0,unbounded,0,,src/core/filing/models/plan-annual.js (emptyPlanDirective); src/core/filing/models/plan-initial.js (emptyDataPlanInitial),emptyPlanDirective() / emptyDataPlanInitial(),,Tri-state Yes/No; order date and county/state are shown when Yes
plan_initial,D,q11Directives[].orderDate,Advance directive order date,date,iso-date,optional,,,none,persisted,input,0,unbounded,0,,src/core/filing/models/plan-annual.js (emptyPlanDirective); src/core/filing/models/plan-initial.js (emptyDataPlanInitial),emptyPlanDirective() / emptyDataPlanInitial(),,ISO date
plan_initial,D,q11Directives[].orderCounty,Advance directive order county,string,,optional,,,none,persisted,input,0,unbounded,0,,src/core/filing/models/plan-annual.js (emptyPlanDirective); src/core/filing/models/plan-initial.js (emptyDataPlanInitial),emptyPlanDirective() / emptyDataPlanInitial(),,Court county
plan_initial,D,planGuardians[].name,Plan guardian name,string,,conditional,primary,,none,persisted,input,1,4,1,guardianPartyIds,src/core/filing/models/plan-initial.js,emptyDataPlanInitial(),,"Up to four signature blocks (Milestone 37-6). Seeds with 1 guardian; supports Add/Remove Co-Guardian up to cap of 4. Party-ID sync happens positionally via getPartyIdForSlot('guardian', index)."
plan_initial,D,planGuardians[].ssn,Plan guardian SSN/EIN,string,ssn-ein,conditional,primary,,government-id,persisted,input,1,4,1,guardianPartyIds,src/core/filing/models/plan-initial.js,emptyDataPlanInitial(),,Sensitive identifier
plan_initial,D,planGuardians[].street,Plan guardian street,string,,conditional,primary,,none,persisted,input,1,4,1,guardianPartyIds,src/core/filing/models/plan-initial.js,emptyDataPlanInitial(),,Address component
plan_initial,D,planGuardians[].phone,Plan guardian phone,string,phone,conditional,primary,,none,persisted,input,1,4,1,guardianPartyIds,src/core/filing/models/plan-initial.js,emptyDataPlanInitial(),,Formatted phone
plan_initial,D,planGuardians[].email,Plan guardian email,string,email,optional,"advisory only: a warning, never a blocker, when no attorney is started (Milestone 72C; guardian-email.js guardianEmailAdvisories())",,personal,persisted,input,1,4,1,guardianPartyIds,src/core/filing/models/plan-initial.js,planGuardianBlank() / emptyDataPlanInitial(),,"Milestone 72C: never an export blocker on any form. With no attorney, the print preview warns for each guardian in play without one -- Fla. R. Gen. Prac. & Jud. Admin. 2.515(c) expects each signer's e-mail address for service in the signature block when a document is filed electronically. New in 72C: the Initial Plan's signature blocks had no email field."
plan_initial,D,planGuardians[].cityStateZip,Plan guardian city/state/ZIP,string,zip,conditional,primary,,none,persisted,input,1,4,1,guardianPartyIds,src/core/filing/models/plan-initial.js,emptyDataPlanInitial(),,Address component
plan_initial,D,planGuardians[].signatureDate,Plan guardian signature date,date,iso-date,conditional,"primary AND signatureState is 'typed' (Milestone 39-C)",,none,persisted,input,1,4,1,guardianPartyIds,src/core/filing/models/plan-initial.js,emptyDataPlanInitial(),,"ISO date. Milestone 39-C narrowed this from unconditionally required (whenever primary) to conditional on the new three-state signatureState field, same pattern as plan_simplified's 39-B pilot -- see checkSignatureState()."
plan_initial,D,planGuardians[].signatureState,Guardian signature state,enum,,optional,,none; typed; stamp,none,persisted,input,1,4,1,guardianPartyIds,src/core/validation/signature-state.js,checkSignatureState()/SIGNATURE_STATES,,"Milestone 39-C. Tri-state control (Unsigned/""/s/"" Signed/Signature Stamp); missing on legacy filings, inferred at read time via inferLegacySignatureState() -- never persisted as an inferred value, only when the filer actually interacts with the control."
plan_initial,D,planGuardians[].signatureImage,Guardian signature stamp image (base64 PNG),string,base64-png,conditional,signatureState is 'stamp',,document-content,persisted,input,1,4,1,guardianPartyIds,src/core/signature/signature-pad.js,mountSignaturePad()/validateSignatureImage(),,"Milestone 39-C. Max 1024px width, max 100KB, PNG magic-byte validated. No reuse across filings yet -- see MILESTONE-39-PROPOSAL.md 39-D for the versioned per-party stamp this supersedes."
plan_initial,D,planGuardians[].relationship,Plan guardian relationship,string,,optional,,,none,persisted,input,1,4,1,guardianPartyIds,src/core/filing/models/plan-initial.js,emptyDataPlanInitial(),,Guardian relationship to ward
plan_minor,D,ref,Reference number,string,,optional,,,none,persisted,input,,,,,src/core/filing/models/plan-minor.js,emptyDataPlanMinor(),,Minor-plan identity field
plan_minor,D,professionalGuardian,Professional guardian indicator,enum,,optional,,Yes; No,none,persisted,input,,,,,src/core/filing/models/plan-minor.js,emptyDataPlanMinor(),,Tri-state Yes/No; new records begin unanswered ('')
plan_minor,D,publicGuardian,Public guardian indicator,enum,,optional,,Yes; No,none,persisted,input,,,,,src/core/filing/models/plan-minor.js,emptyDataPlanMinor(),,Tri-state Yes/No; new records begin unanswered ('')
plan_minor,D,guardianName,Guardian name,string,,required,,,none,persisted,input,,,,,src/core/filing/models/plan-minor.js,emptyDataPlanMinor(),,Primary guardian display name
plan_minor,D,q1ResidenceName,Current residence name,string,,required,,,none,persisted,input,,,,,src/core/filing/models/plan-minor.js,emptyDataPlanMinor(),,Question 1
plan_minor,D,q1Street,Current residence street,string,,required,,,none,persisted,input,,,,,src/core/filing/models/plan-minor.js,emptyDataPlanMinor(),,Address component
plan_minor,D,q1City,Current residence city,string,,optional,,,none,persisted,input,,,,,src/core/filing/models/plan-minor.js,emptyDataPlanMinor(),,Address component
plan_minor,D,q1State,Current residence state,string,,optional,,,none,persisted,input,,,,,src/core/filing/models/plan-minor.js,emptyDataPlanMinor(),,Address component
plan_minor,D,q1Zip,Current residence ZIP,string,zip,optional,,,none,persisted,input,,,,,src/core/filing/models/plan-minor.js,emptyDataPlanMinor(),,Address component
plan_minor,D,q1Phone,Current residence phone,string,phone,optional,,,none,persisted,input,,,,,src/core/filing/models/plan-minor.js,emptyDataPlanMinor(),,Formatted phone
plan_minor,D,q2Residences[],Prior-year residence,array<object>,,optional,,,none,persisted,input,0,unbounded,1,,src/core/filing/models/plan-minor.js (emptyMinorResidence); src/core/form/plan-row-actions.js (addPlanRow),"emptyMinorResidence() / addPlanRow('q2Residences',...)",,"name/street/city/state/zip/phone. SCHEDULE_SCHEMAS.q2Residences exists but is dead code -- the real add/remove path is the generic addPlanRow/removePlanRow('q2Residences','minorResidence',...) mechanism, not addCollectionRow."
plan_minor,D,q3Providers[],Treatment provider,array<object>,,optional,,,none,persisted,input,0,unbounded,1,,src/core/filing/models/plan-minor.js (emptyMinorProvider); src/core/form/plan-row-actions.js (addPlanRow),"emptyMinorProvider() / addPlanRow('q3Providers',...)",,"first/mi/last/providerType/visits/street/city/state/zip/phone. SCHEDULE_SCHEMAS.q3Providers exists but is dead code (its factory shape doesn't even match emptyMinorProvider()'s real fields) -- the real add/remove path is the generic addPlanRow/removePlanRow('q3Providers','minorProvider',...) mechanism, not addCollectionRow."
plan_minor,D,planGuardians[].name,Guardian name,string,,conditional,primary,,none,persisted,input,1,2,1,guardianPartyIds,src/core/filing/models/plan-minor.js,emptyMinorGuardianSig() / emptyDataPlanMinor(),,"Signature row (Milestone 37-6). Seeds with 1 guardian; supports Add/Remove Co-Guardian up to cap of 2. Party-ID sync happens positionally via getPartyIdForSlot('guardian', index)."
plan_minor,D,planGuardians[].tin,Guardian SSN/EIN,string,ssn-ein,conditional,primary,,government-id,persisted,input,1,2,1,guardianPartyIds,src/core/filing/models/plan-minor.js,emptyMinorGuardianSig() / emptyDataPlanMinor(),,Sensitive identifier
plan_minor,D,planGuardians[].phone,Guardian phone,string,phone,conditional,primary,,none,persisted,input,1,2,1,guardianPartyIds,src/core/filing/models/plan-minor.js,emptyMinorGuardianSig() / emptyDataPlanMinor(),,Formatted phone
plan_minor,D,planGuardians[].mailingStreet,Guardian mailing street,string,,conditional,primary,,none,persisted,input,1,2,1,guardianPartyIds,src/core/filing/models/plan-minor.js,emptyMinorGuardianSig() / emptyDataPlanMinor(),,Address component
plan_minor,D,planGuardians[].mailingCityStateZip,Guardian city/state/ZIP,string,zip,conditional,primary,,none,persisted,input,1,2,1,guardianPartyIds,src/core/filing/models/plan-minor.js,emptyMinorGuardianSig() / emptyDataPlanMinor(),,Address component
plan_minor,D,planGuardians[].email,Guardian email,string,email,optional,"advisory only: a warning, never a blocker, when no attorney is started (Milestone 72C; guardian-email.js guardianEmailAdvisories())",,personal,persisted,input,1,2,1,guardianPartyIds,src/core/filing/models/plan-minor.js,emptyMinorGuardianSig() / emptyDataPlanMinor(),,"Milestone 72C: never an export blocker on any form. With no attorney, the print preview warns for each guardian in play without one -- Fla. R. Gen. Prac. & Jud. Admin. 2.515(c) expects each signer's e-mail address for service in the signature block when a document is filed electronically."
plan_minor,D,planGuardians[].signatureDate,Guardian signature date,date,iso-date,conditional,"primary AND signatureState is 'typed' (Milestone 39-C)",,none,persisted,input,1,2,1,guardianPartyIds,src/core/filing/models/plan-minor.js,emptyMinorGuardianSig() / emptyDataPlanMinor(),,"ISO date. Milestone 39-C narrowed this from unconditionally required (whenever primary) to conditional on the new three-state signatureState field, same pattern as plan_simplified's 39-B pilot -- see checkSignatureState()."
plan_minor,D,planGuardians[].signatureState,Guardian signature state,enum,,optional,,none; typed; stamp,none,persisted,input,1,2,1,guardianPartyIds,src/core/validation/signature-state.js,checkSignatureState()/SIGNATURE_STATES,,"Milestone 39-C. Tri-state control (Unsigned/""/s/"" Signed/Signature Stamp); missing on legacy filings, inferred at read time via inferLegacySignatureState() -- never persisted as an inferred value, only when the filer actually interacts with the control."
plan_minor,D,planGuardians[].signatureImage,Guardian signature stamp image (base64 PNG),string,base64-png,conditional,signatureState is 'stamp',,document-content,persisted,input,1,2,1,guardianPartyIds,src/core/signature/signature-pad.js,mountSignaturePad()/validateSignatureImage(),,"Milestone 39-C. Max 1024px width, max 100KB, PNG magic-byte validated. No reuse across filings yet -- see MILESTONE-39-PROPOSAL.md 39-D for the versioned per-party stamp this supersedes."
plan_minor,D,preparer_name,Preparer name,string,,conditional,"a preparer is started: a name, a signature date, or a ""/s/"" or stamp choice (Milestone 35-3; planMinorPreparerStarted())",,none,persisted,input,,,,,src/core/filing/models/plan-minor.js,emptyDataPlanMinor(),,"Certification. Milestone 72C: the requiredness said 'required', but the validator only ever asked for it once a preparer was started; its marker now follows the same test, live (it was marked on every plan)."
plan_minor,D,preparer_tin,Preparer SSN/EIN,string,ssn-ein,optional,,,government-id,persisted,input,,,,,src/core/filing/models/plan-minor.js,emptyDataPlanMinor(),,Sensitive identifier
plan_minor,D,preparer_phone,Preparer phone,string,phone,optional,,,none,persisted,input,,,,,src/core/filing/models/plan-minor.js,emptyDataPlanMinor(),,Formatted phone
plan_minor,D,preparer_mailingStreet,Preparer mailing street,string,,optional,,,none,persisted,input,,,,,src/core/filing/models/plan-minor.js,emptyDataPlanMinor(),,Address component
plan_minor,D,preparer_cityStateZip,Preparer city/state/ZIP,string,zip,optional,,,none,persisted,input,,,,,src/core/filing/models/plan-minor.js,emptyDataPlanMinor(),,Address component
plan_minor,D,preparer_email,Preparer email,string,email,optional,,,personal,persisted,input,,,,,src/core/filing/models/plan-minor.js,emptyDataPlanMinor(),,Email address
plan_minor,D,preparer_signatureDate,Preparer signature date,date,iso-date,conditional,"preparer info started (Milestone 35-3 pro se/Guardian Advocate exemption) AND signatureState is 'typed' (Milestone 39-C)",,none,persisted,input,,,,,src/core/filing/models/plan-minor.js,emptyDataPlanMinor(),,"ISO date. Corrected from an unconditional ""required"" (never actually enforced unconditionally -- see Milestone 35-3's pro se/Guardian Advocate exemption in validatePlanMinor()) to conditional, and narrowed further by Milestone 39-C's signatureState field."
plan_minor,D,preparer_signatureState,Preparer signature state,enum,,optional,,none; typed; stamp,none,persisted,input,,,,,src/core/validation/signature-state.js,checkSignatureState()/SIGNATURE_STATES,,"Milestone 39-C. Same tri-state control as the guardian row, rolled out to the scalar-shaped Preparer card. name omitted from checkSignatureState() here: preparer_name is already independently required once the preparer card is ""started"" (Milestone 35-3)."
plan_minor,D,preparer_signatureImage,Preparer signature stamp image (base64 PNG),string,base64-png,conditional,signatureState is 'stamp',,document-content,persisted,input,,,,,src/core/signature/signature-pad.js,mountSignaturePad()/validateSignatureImage(),,Milestone 39-C. Same constraints as the guardian row's signatureImage.
plan_minor,D,attorney_name,Attorney name,string,,conditional,an attorney is started (Milestone 72C; attorney-block.js isAttorneyStarted()),,none,persisted,input,,,,,src/core/filing/models/plan-minor.js,emptyDataPlanMinor(),,"Certification. Milestone 72C: the requiredness said 'required', but the validator only ever asked for it once attorney details were entered; its marker now follows the same test, live."
plan_minor,D,attorney_bar,Attorney bar number,string,bar-number,optional,,,none,persisted,input,,,,,src/core/filing/models/plan-minor.js,emptyDataPlanMinor(),,Identifier
plan_minor,D,attorney_phone,Attorney phone,string,phone,optional,,,none,persisted,input,,,,,src/core/filing/models/plan-minor.js,emptyDataPlanMinor(),,Formatted phone
plan_minor,D,attorney_street,Attorney street,string,,optional,,,none,persisted,input,,,,,src/core/filing/models/plan-minor.js,emptyDataPlanMinor(),,Address component
plan_minor,D,attorney_cityStateZip,Attorney city/state/ZIP,string,zip,optional,,,none,persisted,input,,,,,src/core/filing/models/plan-minor.js,emptyDataPlanMinor(),,Address component
plan_minor,D,attorney_email,Attorney email,string,email,conditional,an attorney is started (Milestone 72C; attorney-block.js isAttorneyStarted()),,personal,persisted,input,,,,,src/core/filing/models/plan-minor.js,emptyDataPlanMinor(),,"Milestone 72C: required once an attorney is started, as on every other form. It was never asked for, though Rule 2.516 serves an attorney at their designated e-mail address."
plan_minor,D,attorney_secondary_email,Attorney secondary email,string,email,optional,,,personal,persisted,input,,,,,src/core/filing/models/plan-minor.js,emptyDataPlanMinor(),,"Milestone 72B: The attorney card has always collected it (Secondary Email (optional)); now in the model, and carried with the primary email by carry-over and conversion. Email address"
plan_minor,D,attorney_signatureDate,Attorney signature date,date,iso-date,conditional,"attorney info started (Milestone 35-3 pro se/Guardian Advocate exemption) AND signatureState is 'typed' (Milestone 39-C)",,none,persisted,input,,,,,src/core/filing/models/plan-minor.js,emptyDataPlanMinor(),,"ISO date. Corrected from an unconditional ""required"" (never actually enforced unconditionally -- see Milestone 35-3's pro se/Guardian Advocate exemption in validatePlanMinor()) to conditional, and narrowed further by Milestone 39-C's signatureState field."
plan_minor,D,attorney_signatureState,Attorney signature state,enum,,optional,,none; typed; stamp,none,persisted,input,,,,,src/core/validation/signature-state.js,checkSignatureState()/SIGNATURE_STATES,,"Milestone 39-C. Same tri-state control as the guardian row, rolled out to the scalar-shaped Attorney card. name omitted from checkSignatureState() here: attorney_name is already independently required once the attorney card is ""started"" (Milestone 35-3)."
plan_minor,D,attorney_signatureImage,Attorney signature stamp image (base64 PNG),string,base64-png,conditional,signatureState is 'stamp',,document-content,persisted,input,,,,,src/core/signature/signature-pad.js,mountSignaturePad()/validateSignatureImage(),,Milestone 39-C. Same constraints as the guardian row's signatureImage.
annual_accounting,D,schA[].payer,Income payer,string,,optional,,,none,persisted,input,0,unbounded,0,,src/core/form/schedule-definitions.js,SCHEDULE_SCHEMAS.schA,,Repeatable annual schedule row
annual_accounting,D,schA[].description,Income description,string,,optional,,,none,persisted,input,0,unbounded,0,,src/core/form/schedule-definitions.js,SCHEDULE_SCHEMAS.schA,,Free text
annual_accounting,D,schA[].bank,Bank,string,,optional,,,none,persisted,input,0,unbounded,0,,src/core/form/schedule-definitions.js,SCHEDULE_SCHEMAS.schA,,Financial institution
annual_accounting,D,schA[].accountNo,Account number,string,,optional,,,financial,persisted,input,0,unbounded,0,,src/core/form/schedule-definitions.js,SCHEDULE_SCHEMAS.schA,,Financial identifier
annual_accounting,D,schA[].amount,Income amount,decimal,currency,optional,,,none,persisted,input,0,unbounded,0,,src/core/form/schedule-definitions.js,SCHEDULE_SCHEMAS.schA,,Currency amount
annual_accounting,D,schB1[].bankAcct,Guardian fee bank/account,string,,optional,,,personal,persisted,input,0,unbounded,0,,src/core/form/schedule-definitions.js,SCHEDULE_SCHEMAS.schB1,,Financial identifier
annual_accounting,D,schB1[].checkNo,Guardian fee check number,string,,optional,,,personal,persisted,input,0,unbounded,0,,src/core/form/schedule-definitions.js,SCHEDULE_SCHEMAS.schB1,,Financial identifier
annual_accounting,D,schB1[].periodFrom,Fee period from,date,iso-date,optional,,,none,persisted,input,0,unbounded,0,,src/core/form/schedule-definitions.js,SCHEDULE_SCHEMAS.schB1,,ISO date
annual_accounting,D,schB1[].periodTo,Fee period to,date,iso-date,optional,,,none,persisted,input,0,unbounded,0,,src/core/form/schedule-definitions.js,SCHEDULE_SCHEMAS.schB1,,ISO date
annual_accounting,D,schB1[].datePaid,Date paid,date,iso-date,optional,,,none,persisted,input,0,unbounded,0,,src/core/form/schedule-definitions.js,SCHEDULE_SCHEMAS.schB1,,ISO date
annual_accounting,D,schB1[].payee,Payee,string,,optional,,,none,persisted,input,0,unbounded,0,,src/core/form/schedule-definitions.js,SCHEDULE_SCHEMAS.schB1,,Party name
annual_accounting,D,schB1[].courtOrderDate,Court order date,date,iso-date,optional,,,none,persisted,input,0,unbounded,0,,src/core/form/schedule-definitions.js,SCHEDULE_SCHEMAS.schB1,,ISO date
annual_accounting,D,schB1[].amount,Fee amount,decimal,currency,optional,,,none,persisted,input,0,unbounded,0,,src/core/form/schedule-definitions.js,SCHEDULE_SCHEMAS.schB1,,Currency amount
annual_accounting,D,schB2[].bankAcct,Attorney fee bank/account,string,,optional,,,personal,persisted,input,0,unbounded,0,,src/core/form/schedule-definitions.js,SCHEDULE_SCHEMAS.schB2,,Same row schema as B-1
annual_accounting,D,schB2[].checkNo,Attorney fee check number,string,,optional,,,personal,persisted,input,0,unbounded,0,,src/core/form/schedule-definitions.js,SCHEDULE_SCHEMAS.schB2,,Same row schema as B-1
annual_accounting,D,schB2[].periodFrom,Fee period from,date,iso-date,optional,,,none,persisted,input,0,unbounded,0,,src/core/form/schedule-definitions.js,SCHEDULE_SCHEMAS.schB2,,Same row schema as B-1
annual_accounting,D,schB2[].periodTo,Fee period to,date,iso-date,optional,,,none,persisted,input,0,unbounded,0,,src/core/form/schedule-definitions.js,SCHEDULE_SCHEMAS.schB2,,Same row schema as B-1
annual_accounting,D,schB2[].datePaid,Date paid,date,iso-date,optional,,,none,persisted,input,0,unbounded,0,,src/core/form/schedule-definitions.js,SCHEDULE_SCHEMAS.schB2,,Same row schema as B-1
annual_accounting,D,schB2[].payee,Payee,string,,optional,,,none,persisted,input,0,unbounded,0,,src/core/form/schedule-definitions.js,SCHEDULE_SCHEMAS.schB2,,Same row schema as B-1
annual_accounting,D,schB2[].courtOrderDate,Court order date,date,iso-date,optional,,,none,persisted,input,0,unbounded,0,,src/core/form/schedule-definitions.js,SCHEDULE_SCHEMAS.schB2,,Same row schema as B-1
annual_accounting,D,schB2[].amount,Fee amount,decimal,currency,optional,,,none,persisted,input,0,unbounded,0,,src/core/form/schedule-definitions.js,SCHEDULE_SCHEMAS.schB2,,Same row schema as B-1
annual_accounting,D,schB3[].bankAcct,Professional fee bank/account,string,,optional,,,personal,persisted,input,0,unbounded,0,,src/core/form/schedule-definitions.js,SCHEDULE_SCHEMAS.schB3,,Same row schema as B-1
annual_accounting,D,schB3[].checkNo,Professional fee check number,string,,optional,,,personal,persisted,input,0,unbounded,0,,src/core/form/schedule-definitions.js,SCHEDULE_SCHEMAS.schB3,,Same row schema as B-1
annual_accounting,D,schB3[].periodFrom,Fee period from,date,iso-date,optional,,,none,persisted,input,0,unbounded,0,,src/core/form/schedule-definitions.js,SCHEDULE_SCHEMAS.schB3,,Same row schema as B-1
annual_accounting,D,schB3[].periodTo,Fee period to,date,iso-date,optional,,,none,persisted,input,0,unbounded,0,,src/core/form/schedule-definitions.js,SCHEDULE_SCHEMAS.schB3,,Same row schema as B-1
annual_accounting,D,schB3[].datePaid,Date paid,date,iso-date,optional,,,none,persisted,input,0,unbounded,0,,src/core/form/schedule-definitions.js,SCHEDULE_SCHEMAS.schB3,,Same row schema as B-1
annual_accounting,D,schB3[].payee,Payee,string,,optional,,,none,persisted,input,0,unbounded,0,,src/core/form/schedule-definitions.js,SCHEDULE_SCHEMAS.schB3,,Same row schema as B-1
annual_accounting,D,schB3[].courtOrderDate,Court order date,date,iso-date,optional,,,none,persisted,input,0,unbounded,0,,src/core/form/schedule-definitions.js,SCHEDULE_SCHEMAS.schB3,,Same row schema as B-1
annual_accounting,D,schB3[].amount,Fee amount,decimal,currency,optional,,,none,persisted,input,0,unbounded,0,,src/core/form/schedule-definitions.js,SCHEDULE_SCHEMAS.schB3,,Same row schema as B-1
annual_accounting,D,schB4[].checkNo,Disbursement check number,string,,optional,,,personal,persisted,input,0,unbounded,0,,src/core/form/schedule-definitions.js,SCHEDULE_SCHEMAS.schB4,,Financial identifier
annual_accounting,D,schB4[].datePaid,Date paid,date,iso-date,optional,,,none,persisted,input,0,unbounded,0,,src/core/form/schedule-definitions.js,SCHEDULE_SCHEMAS.schB4,,ISO date
annual_accounting,D,schB4[].payee,Payee,string,,optional,,,none,persisted,input,0,unbounded,0,,src/core/form/schedule-definitions.js,SCHEDULE_SCHEMAS.schB4,,Party name
annual_accounting,D,schB4[].description,Disbursement description,string,,optional,,,none,persisted,input,0,unbounded,0,,src/core/form/schedule-definitions.js,SCHEDULE_SCHEMAS.schB4,,Free text
annual_accounting,D,schB4[].category,Disbursement category,enum,,optional,,,none,persisted,input,0,unbounded,0,,src/core/form/schedule-definitions.js,SCHEDULE_SCHEMAS.schB4,,Configured category list
annual_accounting,D,schB4[].amount,Disbursement amount,decimal,currency,optional,,,none,persisted,input,0,unbounded,0,,src/core/form/schedule-definitions.js,SCHEDULE_SCHEMAS.schB4,,Currency amount
annual_accounting,D,schB4[].bankAccountId,Bank account this disbursement was paid from,string,,optional,,,none,persisted,input,0,unbounded,0,,src/core/filing/models/annual.js,emptyRowAnnual('schB4'),,"Points at schB4Accounts[].id. Opaque and permanent; the court workbook prints each account's disbursements in that account's own block, so an unassigned row blocks the Excel export rather than being filed under the wrong bank."
annual_accounting,D,schB4Accounts[].id,Bank account identifier,string,,optional,,,none,persisted,input,0,12,0,,src/core/accounting/bank-accounts.js,createBankAccountId(),,"Opaque and permanent -- never the array index, bank name or account number, so renaming an account cannot orphan its disbursements."
annual_accounting,D,schB4Accounts[].bankName,Bank name,string,,optional,,,financial,persisted,input,0,12,0,,src/core/state.js,emptyDataAnnual(),,"Printed at D6 (merged D6:F6) on the first page of this account's Schedule B-4 block."
annual_accounting,D,schB4Accounts[].accountNumber,Bank account number,string,,optional,,,financial,persisted,input,0,12,0,,src/core/state.js,emptyDataAnnual(),,"Printed at H6 (merged H6:I6) on the first page of this account's Schedule B-4 block. Max 12 accounts -- the court workbook has twelve register blocks."
annual_accounting,D,schC[].description,Capital transaction description,string,,optional,,,none,persisted,input,0,unbounded,0,,src/core/form/schedule-definitions.js,SCHEDULE_SCHEMAS.schC,,Free text
annual_accounting,D,schC[].date,Transaction date,date,iso-date,optional,,,none,persisted,input,0,unbounded,0,,src/core/form/schedule-definitions.js,SCHEDULE_SCHEMAS.schC,,ISO date
annual_accounting,D,schC[].gain,Capital gain,decimal,currency,optional,,,none,persisted,input,0,unbounded,0,,src/core/form/schedule-definitions.js,SCHEDULE_SCHEMAS.schC,,Currency amount
annual_accounting,D,schC[].loss,Capital loss,decimal,currency,optional,,,none,persisted,input,0,unbounded,0,,src/core/form/schedule-definitions.js,SCHEDULE_SCHEMAS.schC,,Currency amount
annual_accounting,D,schD1[].description,Bank account description,string,,optional,,,none,persisted,input,0,unbounded,0,,src/core/form/schedule-definitions.js,SCHEDULE_SCHEMAS.schD1,,Asset description
annual_accounting,D,schD1[].accountNo,Account number,string,,optional,,,financial,persisted,input,0,unbounded,0,,src/core/form/schedule-definitions.js,SCHEDULE_SCHEMAS.schD1,,Financial identifier
annual_accounting,D,schD1[].restricted,Restricted indicator,enum,,optional,,Yes; No,none,persisted,input,0,unbounded,0,,src/core/form/schedule-definitions.js,SCHEDULE_SCHEMAS.schD1,,Tri-state Yes/No; new rows begin unanswered ('')
annual_accounting,D,schD1[].type,Account type,string,,optional,,,none,persisted,input,0,unbounded,0,,src/core/form/schedule-definitions.js,SCHEDULE_SCHEMAS.schD1,,Account classification
annual_accounting,D,schD1[].fullAmount,Full amount,decimal,currency,optional,,,none,persisted,input,0,unbounded,0,,src/core/form/schedule-definitions.js,SCHEDULE_SCHEMAS.schD1,,Currency amount
annual_accounting,D,schD1[].wardPct,Ward percentage,decimal,percentage,conditional,required on a populated row (checkRows()),0-100 (Milestone 71C: percent-range.js; out of range or unreadable is a bypassable issue),none,persisted,input,0,unbounded,0,,src/core/form/schedule-definitions.js,SCHEDULE_SCHEMAS.schD1,,Percentage A blank or unreadable share counts as 0% (Milestone 71D; wardShare()).
annual_accounting,D,schD1[].restrictedAmt,Restricted amount,decimal,currency,optional,,,none,persisted,input,0,unbounded,0,,src/core/form/schedule-definitions.js,SCHEDULE_SCHEMAS.schD1,,Currency amount
annual_accounting,D,schD2[].description,Securities description,string,,optional,,,none,persisted,input,0,unbounded,0,,src/core/form/schedule-definitions.js,SCHEDULE_SCHEMAS.schD2,,Asset description
annual_accounting,D,schD2[].residence,Residence indicator,enum,,optional,,Yes; No,none,persisted,input,0,unbounded,0,,src/core/form/schedule-definitions.js,SCHEDULE_SCHEMAS.schD2,,Tri-state Yes/No; new rows begin unanswered ('')
annual_accounting,D,schD2[].income,Income indicator,enum,,optional,,Yes; No,none,persisted,input,0,unbounded,0,,src/core/form/schedule-definitions.js,SCHEDULE_SCHEMAS.schD2,,Tri-state Yes/No; new rows begin unanswered ('')
annual_accounting,D,schD2[].fullValue,Full value,decimal,currency,optional,,,none,persisted,input,0,unbounded,0,,src/core/form/schedule-definitions.js,SCHEDULE_SCHEMAS.schD2,,Currency amount
annual_accounting,D,schD2[].wardPct,Ward percentage,decimal,percentage,conditional,required on a populated row (checkRows()),0-100 (Milestone 71C: percent-range.js; out of range or unreadable is a bypassable issue),none,persisted,input,0,unbounded,0,,src/core/form/schedule-definitions.js,SCHEDULE_SCHEMAS.schD2,,Percentage A blank or unreadable share counts as 0% (Milestone 71D; wardShare()).
annual_accounting,D,schD2[].carryingValue,Carrying value,decimal,currency,optional,,,none,persisted,input,0,unbounded,0,,src/core/form/schedule-definitions.js,SCHEDULE_SCHEMAS.schD2,,Currency amount
annual_accounting,D,schD2[].wardValue,Ward value,decimal,currency,optional,,,none,persisted,input,0,unbounded,0,,src/core/form/schedule-definitions.js,SCHEDULE_SCHEMAS.schD2,,Currency amount
annual_accounting,D,schD3[].description,Real estate description,string,,optional,,,none,persisted,input,0,unbounded,0,,src/core/form/schedule-definitions.js,SCHEDULE_SCHEMAS.schD3,,Asset description
annual_accounting,D,schD3[].fullAmount,Full amount,decimal,currency,optional,,,none,persisted,input,0,unbounded,0,,src/core/form/schedule-definitions.js,SCHEDULE_SCHEMAS.schD3,,Currency amount
annual_accounting,D,schD3[].wardPct,Ward percentage,decimal,percentage,conditional,required on a populated row (checkRows()),0-100 (Milestone 71C: percent-range.js; out of range or unreadable is a bypassable issue),none,persisted,input,0,unbounded,0,,src/core/form/schedule-definitions.js,SCHEDULE_SCHEMAS.schD3,,Percentage A blank or unreadable share counts as 0% (Milestone 71D; wardShare()).
annual_accounting,D,schD3[].carryingValue,Carrying value,decimal,currency,optional,,,none,persisted,input,0,unbounded,0,,src/core/form/schedule-definitions.js,SCHEDULE_SCHEMAS.schD3,,Currency amount
annual_accounting,D,schD3[].wardAmount,Ward amount,decimal,currency,optional,,,none,persisted,input,0,unbounded,0,,src/core/form/schedule-definitions.js,SCHEDULE_SCHEMAS.schD3,,Currency amount
annual_accounting,D,schD4[].description,Personal property description,string,,optional,,,none,persisted,input,0,unbounded,0,,src/core/form/schedule-definitions.js,SCHEDULE_SCHEMAS.schD4,,Asset description
annual_accounting,D,schD4[].restricted,Restricted indicator,enum,,optional,,Yes; No,none,persisted,input,0,unbounded,0,,src/core/form/schedule-definitions.js,SCHEDULE_SCHEMAS.schD4,,Tri-state Yes/No; new rows begin unanswered ('')
annual_accounting,D,schD4[].fullAmount,Full amount,decimal,currency,optional,,,none,persisted,input,0,unbounded,0,,src/core/form/schedule-definitions.js,SCHEDULE_SCHEMAS.schD4,,Currency amount
annual_accounting,D,schD4[].wardPct,Ward percentage,decimal,percentage,conditional,required on a populated row (checkRows()),0-100 (Milestone 71C: percent-range.js; out of range or unreadable is a bypassable issue),none,persisted,input,0,unbounded,0,,src/core/form/schedule-definitions.js,SCHEDULE_SCHEMAS.schD4,,Percentage A blank or unreadable share counts as 0% (Milestone 71D; wardShare()).
annual_accounting,D,schD4[].carryingValue,Carrying value,decimal,currency,optional,,,none,persisted,input,0,unbounded,0,,src/core/form/schedule-definitions.js,SCHEDULE_SCHEMAS.schD4,,Currency amount
annual_accounting,D,schD4[].wardValue,Ward value,decimal,currency,optional,,,none,persisted,input,0,unbounded,0,,src/core/form/schedule-definitions.js,SCHEDULE_SCHEMAS.schD4,,Currency amount
annual_accounting,D,schD4[].restrictedAmt,Restricted amount,decimal,currency,optional,,,none,persisted,input,0,unbounded,0,,src/core/form/schedule-definitions.js,SCHEDULE_SCHEMAS.schD4,,Currency amount
annual_accounting,D,schD5[].description,Liability description,string,,optional,,,none,persisted,input,0,unbounded,0,,src/core/form/schedule-definitions.js,SCHEDULE_SCHEMAS.schD5,,Liability description
annual_accounting,D,schD5[].loanNo,Loan number,string,,optional,,,financial,persisted,input,0,unbounded,0,,src/core/form/schedule-definitions.js,SCHEDULE_SCHEMAS.schD5,,Financial identifier
annual_accounting,D,schD5[].loanType,Loan type,string,,optional,,,none,persisted,input,0,unbounded,0,,src/core/form/schedule-definitions.js,SCHEDULE_SCHEMAS.schD5,,Classification
annual_accounting,D,schD5[].fullDebt,Full debt,decimal,currency,optional,,,none,persisted,input,0,unbounded,0,,src/core/form/schedule-definitions.js,SCHEDULE_SCHEMAS.schD5,,Currency amount
annual_accounting,D,schD5[].wardPct,Ward percentage,decimal,percentage,conditional,required on a populated row (checkRows()),0-100 (Milestone 71C: percent-range.js; out of range or unreadable is a bypassable issue),none,persisted,input,0,unbounded,0,,src/core/form/schedule-definitions.js,SCHEDULE_SCHEMAS.schD5,,Percentage A blank or unreadable share counts as 0% (Milestone 71D; wardShare()).
annual_accounting,D,schD5[].wardBalance,Ward balance,decimal,currency,optional,,,none,persisted,input,0,unbounded,0,,src/core/form/schedule-definitions.js,SCHEDULE_SCHEMAS.schD5,,Currency amount
annual_accounting,D,schE[].bankName,Bank name,string,,optional,,,none,persisted,input,0,unbounded,0,,src/core/form/schedule-definitions.js,SCHEDULE_SCHEMAS.schE,,Transfer row
annual_accounting,D,schE[].transferInDate,Transfer in date,date,iso-date,optional,,,none,persisted,input,0,unbounded,0,,src/core/form/schedule-definitions.js,SCHEDULE_SCHEMAS.schE,,ISO date
annual_accounting,D,schE[].transferInAmt,Transfer in amount,decimal,currency,optional,,,none,persisted,input,0,unbounded,0,,src/core/form/schedule-definitions.js,SCHEDULE_SCHEMAS.schE,,Currency amount
annual_accounting,D,schE[].transferOutDate,Transfer out date,date,iso-date,optional,,,none,persisted,input,0,unbounded,0,,src/core/form/schedule-definitions.js,SCHEDULE_SCHEMAS.schE,,ISO date
annual_accounting,D,schE[].transferOutAmt,Transfer out amount,decimal,currency,optional,,,none,persisted,input,0,unbounded,0,,src/core/form/schedule-definitions.js,SCHEDULE_SCHEMAS.schE,,Currency amount
annual_accounting,D,schF1[].description,Real property sale description,string,,optional,,,none,persisted,input,0,unbounded,0,,src/core/form/schedule-definitions.js,SCHEDULE_SCHEMAS.schF1,,Free text
annual_accounting,D,schF1[].bank,Bank,string,,optional,,,none,persisted,input,0,unbounded,0,,src/core/form/schedule-definitions.js,SCHEDULE_SCHEMAS.schF1,,Financial institution
annual_accounting,D,schF1[].accountNo,Account number,string,,optional,,,financial,persisted,input,0,unbounded,0,,src/core/form/schedule-definitions.js,SCHEDULE_SCHEMAS.schF1,,Financial identifier
annual_accounting,D,schF1[].courtOrderDate,Court order date,date,iso-date,optional,,,none,persisted,input,0,unbounded,0,,src/core/form/schedule-definitions.js,SCHEDULE_SCHEMAS.schF1,,ISO date
annual_accounting,D,schF1[].salePrice,Sale price,decimal,currency,optional,,,none,persisted,input,0,unbounded,0,,src/core/form/schedule-definitions.js,SCHEDULE_SCHEMAS.schF1,,Currency amount
annual_accounting,D,schF2[].description,Personal property sale description,string,,optional,,,none,persisted,input,0,unbounded,0,,src/core/form/schedule-definitions.js,SCHEDULE_SCHEMAS.schF2,,Free text
annual_accounting,D,schF2[].bank,Bank,string,,optional,,,none,persisted,input,0,unbounded,0,,src/core/form/schedule-definitions.js,SCHEDULE_SCHEMAS.schF2,,Financial institution
annual_accounting,D,schF2[].accountNo,Account number,string,,optional,,,financial,persisted,input,0,unbounded,0,,src/core/form/schedule-definitions.js,SCHEDULE_SCHEMAS.schF2,,Financial identifier
annual_accounting,D,schF2[].courtOrderDate,Court order date,date,iso-date,optional,,,none,persisted,input,0,unbounded,0,,src/core/form/schedule-definitions.js,SCHEDULE_SCHEMAS.schF2,,ISO date
annual_accounting,D,schF2[].salePrice,Sale price,decimal,currency,optional,,,none,persisted,input,0,unbounded,0,,src/core/form/schedule-definitions.js,SCHEDULE_SCHEMAS.schF2,,Currency amount
derived,calcTotalsAnnual(),schA,Schedule A income total,decimal,currency,n/a,,,none,derived,derived,,,,,src/features/annual-accounting/totals.js,calcTotalsAnnual(),,Returned by calcTotalsAnnual from schA[].amount
derived,calcTotalsAnnual(),schB1,Schedule B-1 total,decimal,currency,n/a,,,none,derived,derived,,,,,src/features/annual-accounting/totals.js,calcTotalsAnnual(),,Returned by calcTotalsAnnual from schB1[].amount
derived,calcTotalsAnnual(),schB2,Schedule B-2 total,decimal,currency,n/a,,,none,derived,derived,,,,,src/features/annual-accounting/totals.js,calcTotalsAnnual(),,Returned by calcTotalsAnnual from schB2[].amount
derived,calcTotalsAnnual(),schB3,Schedule B-3 total,decimal,currency,n/a,,,none,derived,derived,,,,,src/features/annual-accounting/totals.js,calcTotalsAnnual(),,Returned by calcTotalsAnnual from schB3[].amount
derived,calcTotalsAnnual(),schB4,Schedule B-4 total,decimal,currency,n/a,,,none,derived,derived,,,,,src/features/annual-accounting/totals.js,calcTotalsAnnual(),,Returned by calcTotalsAnnual from schB4[].amount
derived,calcTotalsAnnual(),totalDisb,Total disbursements,decimal,currency,n/a,,,none,derived,derived,,,,,src/features/annual-accounting/totals.js,calcTotalsAnnual(),,Returned by calcTotalsAnnual as schB1 + schB2 + schB3 + schB4
derived,calcTotalsAnnual(),netAssets,Net assets,decimal,currency,n/a,,,none,derived,derived,,,,,src/features/annual-accounting/totals.js,calcTotalsAnnual(),,Returned by calcTotalsAnnual
derived,calcTotalsAnnual(),netAssetsFromD,Net assets from Schedule D,decimal,currency,n/a,,,none,derived,derived,,,,,src/features/annual-accounting/totals.js,calcTotalsAnnual(),,Returned by calcTotalsAnnual
derived,annualReconcileState(),diff,Reconciliation difference,decimal,currency,n/a,,,none,derived,derived,,,,,src/features/annual-accounting/totals.js,annualReconcileState(),,Returned by annualReconcileState
derived,annualReconcileState(),outOfBalance,Accounting out of balance,boolean,,n/a,,,none,derived,derived,,,,,src/features/annual-accounting/totals.js,annualReconcileState(),,Returned by annualReconcileState
derived,annualReconcileState(),explanation,Reconciliation explanation,string,,n/a,,,none,derived,derived,,,,,src/features/annual-accounting/totals.js,annualReconcileState(),,Read from D.reconcileExplanation and returned by annualReconcileState
derived,annualReconcileState(),explained,Out-of-balance condition explained,boolean,,n/a,,,none,derived,derived,,,,,src/features/annual-accounting/totals.js,annualReconcileState(),,Returned by annualReconcileState
derived,simplifiedPdfCalculations,totalIncome,Total income,decimal,currency,n/a,,,none,derived,derived,,,,,src/features/simplified-accounting/pdf-model.js,simplifiedPdfCalculations,,Computed as interestIncome + depositsSettlement
derived,simplifiedPdfCalculations,totalDisbursements,Total disbursements,decimal,currency,n/a,,,none,derived,derived,,,,,src/features/simplified-accounting/pdf-model.js,simplifiedPdfCalculations,,Computed as serviceCharges + federalIncomeTax
derived,simplifiedPdfCalculations,remaining,Remaining balance,decimal,currency,n/a,,,none,derived,derived,,,,,src/features/simplified-accounting/pdf-model.js,simplifiedPdfCalculations,,Computed as startingBalance + totalIncome - totalDisbursements
derived,pdfEngine,pageCount,Finalized PDF page count,integer,,n/a,,,none,export-only,derived,,,,,src/core/pdf/pdf-engine.js,pdfEngine,,Generated by PDF engine/pdf.js; not user-entered
derived,pdfEngine,metadata.title,PDF metadata title,string,,n/a,,,none,export-only,derived,,,,,src/core/pdf/pdf-engine.js,pdfEngine,,Generated from ward/case/filing/print date
derived,supplementalPdf,contentDigest,Supplemental file content digest,string,,conditional,a supplemental file has been uploaded for this filing,,none,persisted,derived,,,,,src/core/pdf/supplemental-pdf.js,supplementalPdf,,Used to identify uploaded files
plan_simplified,D,planTriStateSchemaVersion,Tri-state schema version,integer,,required,,,none,persisted,input,,,,,src/core/filing/models/plan-simplified.js,emptyDataPlanSimplified(),,Found missing from the old CSV during Milestone 34-2 migration; added directly from the emptyData*() factory / validator.
plan_simplified,D,certRecipients[].name,Certificate-of-service recipient name,string,,optional,,,personal,persisted,input,1,unbounded,1,,src/core/filing/plan-certificate-of-service.js,emptyCertRecipient() / emptyCertificateOfService(),,"Milestone 68C. Repeatable recipient row in the accountings' shape; Recipient 1 name completes a card for the sidebar's 'settled' rule only. Nothing on the certificate gates export."
plan_simplified,D,certRecipients[].line2,Recipient address line 2,string,,optional,,,personal,persisted,input,1,unbounded,1,,src/core/filing/plan-certificate-of-service.js,emptyCertRecipient() / emptyCertificateOfService(),,"Milestone 68C. Free-form address line, as on the accountings."
plan_simplified,D,certRecipients[].line3,Recipient address line 3,string,,optional,,,personal,persisted,input,1,unbounded,1,,src/core/filing/plan-certificate-of-service.js,emptyCertRecipient() / emptyCertificateOfService(),,"Milestone 68C. Free-form address line, as on the accountings."
plan_simplified,D,certRecipients[].line4,Recipient address line 4,string,,optional,,,personal,persisted,input,1,unbounded,1,,src/core/filing/plan-certificate-of-service.js,emptyCertRecipient() / emptyCertificateOfService(),,"Milestone 68C. Free-form address line, as on the accountings."
plan_simplified,D,certNoRecipients,No certificate-of-service recipients required (filer attestation),enum,,optional,,Yes; No,none,persisted,input,,,,,src/core/filing/plan-certificate-of-service.js,emptyCertificateOfService(),,"Milestone 68C. Tri-state, never coerced (section 4); asked only when no recipient is listed (the 57B rule). The sidebar asks; export never demands."
plan_simplified,D,certDate,Certificate of service date,date,iso-date,optional,,,none,persisted,input,,,,,src/core/filing/plan-certificate-of-service.js,emptyCertificateOfService(),,"Milestone 68C. ISO date. Optional by decision (2026-09-24); the print preview notes it when blank."
plan_simplified,D,certIndicator,Certificate indicator (method of service),string,,optional,,,none,persisted,input,,,,,src/core/filing/plan-certificate-of-service.js,emptyCertificateOfService(),,"Milestone 68C. Printed after the date of service, e.g. ""mailed""."
plan_simplified,D,certSigner,Who certifies service,enum,,optional,,guardian; attorney,none,persisted,input,,,,,src/core/filing/plan-certificate-of-service.js,resolveCertSigner(),,"Milestone 68C. Blank means the default: attorney when the plan names one, otherwise Guardian 1 (Rule 2.516: signed by the attorney or party). The printed name is carried from the plan. Milestone 72C: the default now finds this form's attorney (attorney_name); it read `attorney`, which this form lacks."
plan_simplified,D,certSignerMigrated,Certificate signer pinned (once-only migration),boolean,,optional,,true; false,none,persisted,derived,,,,,src/core/filing/certificate-migrations.js,pinPlanSimplifiedCertSigner() / emptyDataPlanSimplified(),,"Milestone 72C. Factory default false; set on the first open after 72C. That open saves a blank certSigner as 'guardian' when the certificate already carries a signature (a date, an applied state or an image), because the certificate used to look for the attorney under a field this form lacks and so printed Guardian 1. Never runs again, so a certificate the attorney signs later under the default is not pinned."
plan_simplified,D,certSignatureDate,Certificate-of-service signature date,date,iso-date,optional,,,none,persisted,input,,,,,src/core/filing/plan-certificate-of-service.js,emptyCertificateOfService(),,"Milestone 68C. ISO date. A date with a blank state reads as a typed signature (inferLegacySignatureState)."
plan_simplified,D,certSignatureState,Certificate-of-service signature state,enum,,optional,,none; typed; stamp,none,persisted,input,,,,,src/core/validation/signature-state.js,checkSignatureState()/SIGNATURE_STATES,,"Milestone 68C. The same tri-state control as the plan's own signatures."
plan_simplified,D,certSignatureImage,Certificate-of-service signature stamp image (base64 PNG),string,base64-png,conditional,signatureState is 'stamp',,document-content,persisted,input,,,,,src/core/signature/signature-pad.js,mountSignaturePad()/validateSignatureImage(),,"Milestone 68C. Same constraints as every other signature stamp."
plan_annual,D,planTriStateSchemaVersion,Tri-state schema version,integer,,required,,,none,persisted,input,,,,,src/core/filing/models/plan-annual.js,emptyDataPlanAnnual(),,Found missing from the old CSV during Milestone 34-2 migration; added directly from the emptyData*() factory / validator.
plan_initial,D,planTriStateSchemaVersion,Tri-state schema version,integer,,required,,,none,persisted,input,,,,,src/core/filing/models/plan-initial.js,emptyDataPlanInitial(),,Found missing from the old CSV during Milestone 34-2 migration; added directly from the emptyData*() factory / validator.
plan_minor,D,planTriStateSchemaVersion,Tri-state schema version,integer,,required,,,none,persisted,input,,,,,src/core/filing/models/plan-minor.js,emptyDataPlanMinor(),,Found missing from the old CSV during Milestone 34-2 migration; added directly from the emptyData*() factory / validator.
plan_annual,D,wardLiving,Where the ward is living,string,,required,,,none,persisted,input,,,,,src/core/filing/models/plan-annual.js,emptyDataPlanAnnual(),,Found missing from the old CSV during Milestone 34-2 migration; added directly from the emptyData*() factory / validator.
plan_annual,D,residenceAddress,Address where the ward resides,string,,required,,,none,persisted,input,,,,,src/core/filing/models/plan-annual.js,emptyDataPlanAnnual(),,Found missing from the old CSV during Milestone 34-2 migration; added directly from the emptyData*() factory / validator.
plan_annual,D,residenceCityStateZip,City/state/ZIP where the ward resides,string,zip,required,,,none,persisted,input,,,,,src/core/filing/models/plan-annual.js,emptyDataPlanAnnual(),,Found missing from the old CSV during Milestone 34-2 migration; added directly from the emptyData*() factory / validator.
plan_annual,D,residencePhone,Phone where the ward resides,string,phone,optional,,,none,persisted,input,,,,,src/core/filing/models/plan-annual.js,emptyDataPlanAnnual(),,Found missing from the old CSV during Milestone 34-2 migration; added directly from the emptyData*() factory / validator.
plan_annual,D,mailingAddress,Ward's mailing address,string,,optional,,,none,persisted,input,,,,,src/core/filing/models/plan-annual.js,emptyDataPlanAnnual(),,Found missing from the old CSV during Milestone 34-2 migration; added directly from the emptyData*() factory / validator.
plan_annual,D,mailingCityStateZip,Ward's mailing city/state/ZIP,string,zip,optional,,,none,persisted,input,,,,,src/core/filing/models/plan-annual.js,emptyDataPlanAnnual(),,Found missing from the old CSV during Milestone 34-2 migration; added directly from the emptyData*() factory / validator.
plan_annual,D,q2NoMove,No address change since last plan,boolean,,conditional,at least one Q2 option must be checked,,none,persisted,input,,,,,src/core/filing/models/plan-annual.js,emptyDataPlanAnnual(),,Found missing from the old CSV during Milestone 34-2 migration; added directly from the emptyData*() factory / validator.
plan_annual,D,q2WithinCounty,Address change within county,boolean,,conditional,at least one Q2 option must be checked,,none,persisted,input,,,,,src/core/filing/models/plan-annual.js,emptyDataPlanAnnual(),,Found missing from the old CSV during Milestone 34-2 migration; added directly from the emptyData*() factory / validator.
plan_annual,D,q2WithinCircuit,Address change within circuit,boolean,,conditional,at least one Q2 option must be checked,,none,persisted,input,,,,,src/core/filing/models/plan-annual.js,emptyDataPlanAnnual(),,Found missing from the old CSV during Milestone 34-2 migration; added directly from the emptyData*() factory / validator.
plan_annual,D,q2OutsideApproved,"Address change outside circuit, court-approved",boolean,,conditional,at least one Q2 option must be checked,,none,persisted,input,,,,,src/core/filing/models/plan-annual.js,emptyDataPlanAnnual(),,Found missing from the old CSV during Milestone 34-2 migration; added directly from the emptyData*() factory / validator.
plan_annual,D,q2OutsideVenuePetition,"Address change outside circuit, venue petition pending",boolean,,conditional,at least one Q2 option must be checked,,none,persisted,input,,,,,src/core/filing/models/plan-annual.js,emptyDataPlanAnnual(),,Found missing from the old CSV during Milestone 34-2 migration; added directly from the emptyData*() factory / validator.
plan_annual,D,q3SettingALF,Residential setting: assisted living facility,boolean,,conditional,at least one Q3 setting must be checked,,none,persisted,input,,,,,src/core/filing/models/plan-annual.js,emptyDataPlanAnnual(),,Found missing from the old CSV during Milestone 34-2 migration; added directly from the emptyData*() factory / validator.
plan_annual,D,q3SettingGroupHome,Residential setting: group home,boolean,,conditional,at least one Q3 setting must be checked,,none,persisted,input,,,,,src/core/filing/models/plan-annual.js,emptyDataPlanAnnual(),,Found missing from the old CSV during Milestone 34-2 migration; added directly from the emptyData*() factory / validator.
plan_annual,D,q3SettingIntermediate,Residential setting: intermediate care facility,boolean,,conditional,at least one Q3 setting must be checked,,none,persisted,input,,,,,src/core/filing/models/plan-annual.js,emptyDataPlanAnnual(),,Found missing from the old CSV during Milestone 34-2 migration; added directly from the emptyData*() factory / validator.
plan_annual,D,q3SettingPrivate,Residential setting: private residence,boolean,,conditional,at least one Q3 setting must be checked,,none,persisted,input,,,,,src/core/filing/models/plan-annual.js,emptyDataPlanAnnual(),,Found missing from the old CSV during Milestone 34-2 migration; added directly from the emptyData*() factory / validator.
plan_annual,D,q3SettingSkilled,Residential setting: skilled nursing facility,boolean,,conditional,at least one Q3 setting must be checked,,none,persisted,input,,,,,src/core/filing/models/plan-annual.js,emptyDataPlanAnnual(),,Found missing from the old CSV during Milestone 34-2 migration; added directly from the emptyData*() factory / validator.
plan_annual,D,q3SettingSpecialized,Residential setting: specialized facility,boolean,,conditional,at least one Q3 setting must be checked,,none,persisted,input,,,,,src/core/filing/models/plan-annual.js,emptyDataPlanAnnual(),,Found missing from the old CSV during Milestone 34-2 migration; added directly from the emptyData*() factory / validator.
plan_annual,D,q3SettingStateHospital,Residential setting: state hospital,boolean,,conditional,at least one Q3 setting must be checked,,none,persisted,input,,,,,src/core/filing/models/plan-annual.js,emptyDataPlanAnnual(),,Found missing from the old CSV during Milestone 34-2 migration; added directly from the emptyData*() factory / validator.
plan_annual,D,q3SettingOther,Residential setting: other,boolean,,conditional,at least one Q3 setting must be checked,,none,persisted,input,,,,,src/core/filing/models/plan-annual.js,emptyDataPlanAnnual(),,Found missing from the old CSV during Milestone 34-2 migration; added directly from the emptyData*() factory / validator.
plan_annual,D,q3SettingExplain,"Explanation for ""Other"" residential setting",string,,conditional,q3SettingOther is true,,none,persisted,input,,,,,src/core/filing/models/plan-annual.js,emptyDataPlanAnnual(),,Found missing from the old CSV during Milestone 34-2 migration; added directly from the emptyData*() factory / validator.
plan_annual,D,q3EnsureAssessing,Ensuring best interest: assessing needs,boolean,,optional,,,none,persisted,input,,,,,src/core/filing/models/plan-annual.js,emptyDataPlanAnnual(),,Found missing from the old CSV during Milestone 34-2 migration; added directly from the emptyData*() factory / validator.
plan_annual,D,q3EnsureWardDecides,Ensuring best interest: ward decides,boolean,,optional,,,none,persisted,input,,,,,src/core/filing/models/plan-annual.js,emptyDataPlanAnnual(),,Found missing from the old CSV during Milestone 34-2 migration; added directly from the emptyData*() factory / validator.
plan_annual,D,q3EnsureNoChange,Ensuring best interest: no change needed,boolean,,optional,,,none,persisted,input,,,,,src/core/filing/models/plan-annual.js,emptyDataPlanAnnual(),,Found missing from the old CSV during Milestone 34-2 migration; added directly from the emptyData*() factory / validator.
plan_annual,D,q3MedPrimary,Medical service: primary care,boolean,,conditional,at least one Q3 medical service must be checked,,none,persisted,input,,,,,src/core/filing/models/plan-annual.js,emptyDataPlanAnnual(),,Found missing from the old CSV during Milestone 34-2 migration; added directly from the emptyData*() factory / validator.
plan_annual,D,q3MedDentist,Medical service: dentist,boolean,,conditional,at least one Q3 medical service must be checked,,none,persisted,input,,,,,src/core/filing/models/plan-annual.js,emptyDataPlanAnnual(),,Found missing from the old CSV during Milestone 34-2 migration; added directly from the emptyData*() factory / validator.
plan_annual,D,q3MedOphthalmologist,Medical service: ophthalmologist,boolean,,conditional,at least one Q3 medical service must be checked,,none,persisted,input,,,,,src/core/filing/models/plan-annual.js,emptyDataPlanAnnual(),,Found missing from the old CSV during Milestone 34-2 migration; added directly from the emptyData*() factory / validator.
plan_annual,D,q3MedSpecialist,Medical service: specialist,boolean,,conditional,at least one Q3 medical service must be checked,,none,persisted,input,,,,,src/core/filing/models/plan-annual.js,emptyDataPlanAnnual(),,Found missing from the old CSV during Milestone 34-2 migration; added directly from the emptyData*() factory / validator.
plan_annual,D,q3MedSpecialistArea,Specialist practice area,string,,conditional,q3MedSpecialist is true,,none,persisted,input,,,,,src/core/filing/models/plan-annual.js,emptyDataPlanAnnual(),,Found missing from the old CSV during Milestone 34-2 migration; added directly from the emptyData*() factory / validator.
plan_annual,D,q3MedPhysicalTherapy,Medical service: physical therapy,boolean,,conditional,at least one Q3 medical service must be checked,,none,persisted,input,,,,,src/core/filing/models/plan-annual.js,emptyDataPlanAnnual(),,Found missing from the old CSV during Milestone 34-2 migration; added directly from the emptyData*() factory / validator.
plan_annual,D,q3MedSpeechTherapy,Medical service: speech therapy,boolean,,conditional,at least one Q3 medical service must be checked,,none,persisted,input,,,,,src/core/filing/models/plan-annual.js,emptyDataPlanAnnual(),,Found missing from the old CSV during Milestone 34-2 migration; added directly from the emptyData*() factory / validator.
plan_annual,D,q3MedOccupationalTherapy,Medical service: occupational therapy,boolean,,conditional,at least one Q3 medical service must be checked,,none,persisted,input,,,,,src/core/filing/models/plan-annual.js,emptyDataPlanAnnual(),,Found missing from the old CSV during Milestone 34-2 migration; added directly from the emptyData*() factory / validator.
plan_annual,D,q3MedWardDecides,Medical service: ward decides,boolean,,conditional,at least one Q3 medical service must be checked,,none,persisted,input,,,,,src/core/filing/models/plan-annual.js,emptyDataPlanAnnual(),,Found missing from the old CSV during Milestone 34-2 migration; added directly from the emptyData*() factory / validator.
plan_annual,D,q3MedNone,Medical service: none,boolean,,conditional,at least one Q3 medical service must be checked,,none,persisted,input,,,,,src/core/filing/models/plan-annual.js,emptyDataPlanAnnual(),,Found missing from the old CSV during Milestone 34-2 migration; added directly from the emptyData*() factory / validator.
plan_annual,D,q3MedOther,Medical service: other,boolean,,conditional,at least one Q3 medical service must be checked,,none,persisted,input,,,,,src/core/filing/models/plan-annual.js,emptyDataPlanAnnual(),,Found missing from the old CSV during Milestone 34-2 migration; added directly from the emptyData*() factory / validator.
plan_annual,D,q3MedExplain,"Explanation for ""Other"" medical service",string,,conditional,q3MedOther is true,,none,persisted,input,,,,,src/core/filing/models/plan-annual.js,emptyDataPlanAnnual(),,Found missing from the old CSV during Milestone 34-2 migration; added directly from the emptyData*() factory / validator.
plan_annual,D,q3MentalPsych,Mental health service: psychiatrist/psychologist,boolean,,optional,,,none,persisted,input,,,,,src/core/filing/models/plan-annual.js,emptyDataPlanAnnual(),,Found missing from the old CSV during Milestone 34-2 migration; added directly from the emptyData*() factory / validator.
plan_annual,D,q3MentalWardDecides,Mental health service: ward decides,boolean,,optional,,,none,persisted,input,,,,,src/core/filing/models/plan-annual.js,emptyDataPlanAnnual(),,Found missing from the old CSV during Milestone 34-2 migration; added directly from the emptyData*() factory / validator.
plan_annual,D,q3MentalOutpatient,Mental health service: outpatient,boolean,,optional,,,none,persisted,input,,,,,src/core/filing/models/plan-annual.js,emptyDataPlanAnnual(),,Found missing from the old CSV during Milestone 34-2 migration; added directly from the emptyData*() factory / validator.
plan_annual,D,q3MentalInpatient,Mental health service: inpatient,boolean,,optional,,,none,persisted,input,,,,,src/core/filing/models/plan-annual.js,emptyDataPlanAnnual(),,Found missing from the old CSV during Milestone 34-2 migration; added directly from the emptyData*() factory / validator.
plan_annual,D,q3MentalNone,Mental health service: none,boolean,,optional,,,none,persisted,input,,,,,src/core/filing/models/plan-annual.js,emptyDataPlanAnnual(),,Found missing from the old CSV during Milestone 34-2 migration; added directly from the emptyData*() factory / validator.
plan_annual,D,q3MentalOther,Mental health service: other,boolean,,optional,,,none,persisted,input,,,,,src/core/filing/models/plan-annual.js,emptyDataPlanAnnual(),,Found missing from the old CSV during Milestone 34-2 migration; added directly from the emptyData*() factory / validator.
plan_annual,D,q3MentalExplain,"Explanation for ""Other"" mental health service",string,,conditional,q3MentalOther is true,,none,persisted,input,,,,,src/core/filing/models/plan-annual.js,emptyDataPlanAnnual(),,Found missing from the old CSV during Milestone 34-2 migration; added directly from the emptyData*() factory / validator.
plan_annual,D,q3PersonalFacility,Personal care: facility,boolean,,optional,,,none,persisted,input,,,,,src/core/filing/models/plan-annual.js,emptyDataPlanAnnual(),,Found missing from the old CSV during Milestone 34-2 migration; added directly from the emptyData*() factory / validator.
plan_annual,D,q3PersonalNurses,Personal care: nurses/aides,boolean,,optional,,,none,persisted,input,,,,,src/core/filing/models/plan-annual.js,emptyDataPlanAnnual(),,Found missing from the old CSV during Milestone 34-2 migration; added directly from the emptyData*() factory / validator.
plan_annual,D,q3PersonalFamily,Personal care: family/friends,boolean,,optional,,,none,persisted,input,,,,,src/core/filing/models/plan-annual.js,emptyDataPlanAnnual(),,Found missing from the old CSV during Milestone 34-2 migration; added directly from the emptyData*() factory / validator.
plan_annual,D,q3PersonalWithout,Personal care: without assistance,boolean,,optional,,,none,persisted,input,,,,,src/core/filing/models/plan-annual.js,emptyDataPlanAnnual(),,Found missing from the old CSV during Milestone 34-2 migration; added directly from the emptyData*() factory / validator.
plan_annual,D,q3PersonalNone,Personal care: none,boolean,,optional,,,none,persisted,input,,,,,src/core/filing/models/plan-annual.js,emptyDataPlanAnnual(),,Found missing from the old CSV during Milestone 34-2 migration; added directly from the emptyData*() factory / validator.
plan_annual,D,q3PersonalOther,Personal care: other,boolean,,optional,,,none,persisted,input,,,,,src/core/filing/models/plan-annual.js,emptyDataPlanAnnual(),,Found missing from the old CSV during Milestone 34-2 migration; added directly from the emptyData*() factory / validator.
plan_annual,D,q3PersonalExplain,"Explanation for ""Other"" personal care",string,,conditional,q3PersonalOther is true,,none,persisted,input,,,,,src/core/filing/models/plan-annual.js,emptyDataPlanAnnual(),,Found missing from the old CSV during Milestone 34-2 migration; added directly from the emptyData*() factory / validator.
plan_annual,D,q3SocialFacility,Socialization: facility,boolean,,optional,,,none,persisted,input,,,,,src/core/filing/models/plan-annual.js,emptyDataPlanAnnual(),,Found missing from the old CSV during Milestone 34-2 migration; added directly from the emptyData*() factory / validator.
plan_annual,D,q3SocialNurses,Socialization: nurses/aides,boolean,,optional,,,none,persisted,input,,,,,src/core/filing/models/plan-annual.js,emptyDataPlanAnnual(),,Found missing from the old CSV during Milestone 34-2 migration; added directly from the emptyData*() factory / validator.
plan_annual,D,q3SocialFamily,Socialization: family/friends,boolean,,optional,,,none,persisted,input,,,,,src/core/filing/models/plan-annual.js,emptyDataPlanAnnual(),,Found missing from the old CSV during Milestone 34-2 migration; added directly from the emptyData*() factory / validator.
plan_annual,D,q3SocialWardDecides,Socialization: ward decides,boolean,,optional,,,none,persisted,input,,,,,src/core/filing/models/plan-annual.js,emptyDataPlanAnnual(),,Found missing from the old CSV during Milestone 34-2 migration; added directly from the emptyData*() factory / validator.
plan_annual,D,q3SocialNone,Socialization: none,boolean,,optional,,,none,persisted,input,,,,,src/core/filing/models/plan-annual.js,emptyDataPlanAnnual(),,Found missing from the old CSV during Milestone 34-2 migration; added directly from the emptyData*() factory / validator.
plan_annual,D,q3SocialOther,Socialization: other,boolean,,optional,,,none,persisted,input,,,,,src/core/filing/models/plan-annual.js,emptyDataPlanAnnual(),,Found missing from the old CSV during Milestone 34-2 migration; added directly from the emptyData*() factory / validator.
plan_annual,D,q3SocialExplain,"Explanation for ""Other"" socialization",string,,conditional,q3SocialOther is true,,none,persisted,input,,,,,src/core/filing/models/plan-annual.js,emptyDataPlanAnnual(),,Found missing from the old CSV during Milestone 34-2 migration; added directly from the emptyData*() factory / validator.
plan_annual,D,q3BenefitsNone,Benefits: none applicable,boolean,,optional,,,none,persisted,input,,,,,src/core/filing/models/plan-annual.js,emptyDataPlanAnnual(),,Found missing from the old CSV during Milestone 34-2 migration; added directly from the emptyData*() factory / validator.
plan_annual,D,q3BenefitsOther,Benefits: other,boolean,,optional,,,none,persisted,input,,,,,src/core/filing/models/plan-annual.js,emptyDataPlanAnnual(),,Found missing from the old CSV during Milestone 34-2 migration; added directly from the emptyData*() factory / validator.
plan_annual,D,q3BenefitsExplain,"Explanation for ""Other"" benefit",string,,conditional,q3BenefitsOther is true,,none,persisted,input,,,,,src/core/filing/models/plan-annual.js,emptyDataPlanAnnual(),,Found missing from the old CSV during Milestone 34-2 migration; added directly from the emptyData*() factory / validator.
plan_annual,D,q5SocialSkills,Social skills description,string,,required,,,none,persisted,input,,,,,src/core/filing/models/plan-annual.js,emptyDataPlanAnnual(),,Found missing from the old CSV during Milestone 34-2 migration; added directly from the emptyData*() factory / validator.
plan_annual,D,q5Activities,Capacity-building activities description,string,,required,,,none,persisted,input,,,,,src/core/filing/models/plan-annual.js,emptyDataPlanAnnual(),,Found missing from the old CSV during Milestone 34-2 migration; added directly from the emptyData*() factory / validator.
plan_annual,D,q7RightsExplain,Rights restoration explanation,string,,optional,,,none,persisted,input,,,,,src/core/filing/models/plan-annual.js,emptyDataPlanAnnual(),,Found missing from the old CSV during Milestone 34-2 migration; added directly from the emptyData*() factory / validator.
plan_annual,D,q9MentalDementia,Mental disability: dementia,boolean,,conditional,at least one Q9 mental disability option must be checked,,none,persisted,input,,,,,src/core/filing/models/plan-annual.js,emptyDataPlanAnnual(),,Found missing from the old CSV during Milestone 34-2 migration; added directly from the emptyData*() factory / validator.
plan_annual,D,q9MentalAutism,Mental disability: autism,boolean,,conditional,at least one Q9 mental disability option must be checked,,none,persisted,input,,,,,src/core/filing/models/plan-annual.js,emptyDataPlanAnnual(),,Found missing from the old CSV during Milestone 34-2 migration; added directly from the emptyData*() factory / validator.
plan_annual,D,q9MentalHeadInjury,Mental disability: head injury,boolean,,conditional,at least one Q9 mental disability option must be checked,,none,persisted,input,,,,,src/core/filing/models/plan-annual.js,emptyDataPlanAnnual(),,Found missing from the old CSV during Milestone 34-2 migration; added directly from the emptyData*() factory / validator.
plan_annual,D,q9MentalDevelopmental,Mental disability: developmental,boolean,,conditional,at least one Q9 mental disability option must be checked,,none,persisted,input,,,,,src/core/filing/models/plan-annual.js,emptyDataPlanAnnual(),,Found missing from the old CSV during Milestone 34-2 migration; added directly from the emptyData*() factory / validator.
plan_annual,D,q9MentalSchizophrenia,Mental disability: schizophrenia,boolean,,conditional,at least one Q9 mental disability option must be checked,,none,persisted,input,,,,,src/core/filing/models/plan-annual.js,emptyDataPlanAnnual(),,Found missing from the old CSV during Milestone 34-2 migration; added directly from the emptyData*() factory / validator.
plan_annual,D,q9MentalDepression,Mental disability: depression,boolean,,conditional,at least one Q9 mental disability option must be checked,,none,persisted,input,,,,,src/core/filing/models/plan-annual.js,emptyDataPlanAnnual(),,Found missing from the old CSV during Milestone 34-2 migration; added directly from the emptyData*() factory / validator.
plan_annual,D,q9MentalIntellectual,Mental disability: intellectual disability,boolean,,conditional,at least one Q9 mental disability option must be checked,,none,persisted,input,,,,,src/core/filing/models/plan-annual.js,emptyDataPlanAnnual(),,Found missing from the old CSV during Milestone 34-2 migration; added directly from the emptyData*() factory / validator.
plan_annual,D,q9MentalSubstance,Mental disability: substance-related,boolean,,conditional,at least one Q9 mental disability option must be checked,,none,persisted,input,,,,,src/core/filing/models/plan-annual.js,emptyDataPlanAnnual(),,Found missing from the old CSV during Milestone 34-2 migration; added directly from the emptyData*() factory / validator.
plan_annual,D,q9MentalAlzheimers,Mental disability: Alzheimer's,boolean,,conditional,at least one Q9 mental disability option must be checked,,none,persisted,input,,,,,src/core/filing/models/plan-annual.js,emptyDataPlanAnnual(),,Found missing from the old CSV during Milestone 34-2 migration; added directly from the emptyData*() factory / validator.
plan_annual,D,q9MentalNone,Mental disability: none,boolean,,conditional,at least one Q9 mental disability option must be checked,,none,persisted,input,,,,,src/core/filing/models/plan-annual.js,emptyDataPlanAnnual(),,Found missing from the old CSV during Milestone 34-2 migration; added directly from the emptyData*() factory / validator.
plan_annual,D,q9MentalOther,Mental disability: other,boolean,,conditional,at least one Q9 mental disability option must be checked,,none,persisted,input,,,,,src/core/filing/models/plan-annual.js,emptyDataPlanAnnual(),,Found missing from the old CSV during Milestone 34-2 migration; added directly from the emptyData*() factory / validator.
plan_annual,D,q9MentalExplain,"Explanation for ""Other"" mental disability",string,,conditional,q9MentalOther is true,,none,persisted,input,,,,,src/core/filing/models/plan-annual.js,emptyDataPlanAnnual(),,Found missing from the old CSV during Milestone 34-2 migration; added directly from the emptyData*() factory / validator.
plan_annual,D,q9PhysMobility,Physical disability: mobility,boolean,,conditional,at least one Q9 physical disability option must be checked,,none,persisted,input,,,,,src/core/filing/models/plan-annual.js,emptyDataPlanAnnual(),,Found missing from the old CSV during Milestone 34-2 migration; added directly from the emptyData*() factory / validator.
plan_annual,D,q9PhysBlindness,Physical disability: blindness,boolean,,conditional,at least one Q9 physical disability option must be checked,,none,persisted,input,,,,,src/core/filing/models/plan-annual.js,emptyDataPlanAnnual(),,Found missing from the old CSV during Milestone 34-2 migration; added directly from the emptyData*() factory / validator.
plan_annual,D,q9PhysDeafness,Physical disability: deafness,boolean,,conditional,at least one Q9 physical disability option must be checked,,none,persisted,input,,,,,src/core/filing/models/plan-annual.js,emptyDataPlanAnnual(),,Found missing from the old CSV during Milestone 34-2 migration; added directly from the emptyData*() factory / validator.
plan_annual,D,q9PhysDiabetic,Physical disability: diabetic,boolean,,conditional,at least one Q9 physical disability option must be checked,,none,persisted,input,,,,,src/core/filing/models/plan-annual.js,emptyDataPlanAnnual(),,Found missing from the old CSV during Milestone 34-2 migration; added directly from the emptyData*() factory / validator.
plan_annual,D,q9PhysParkinsons,Physical disability: Parkinson's,boolean,,conditional,at least one Q9 physical disability option must be checked,,none,persisted,input,,,,,src/core/filing/models/plan-annual.js,emptyDataPlanAnnual(),,Found missing from the old CSV during Milestone 34-2 migration; added directly from the emptyData*() factory / validator.
plan_annual,D,q9PhysArthritis,Physical disability: arthritis,boolean,,conditional,at least one Q9 physical disability option must be checked,,none,persisted,input,,,,,src/core/filing/models/plan-annual.js,emptyDataPlanAnnual(),,Found missing from the old CSV during Milestone 34-2 migration; added directly from the emptyData*() factory / validator.
plan_annual,D,q9PhysNone,Physical disability: none,boolean,,conditional,at least one Q9 physical disability option must be checked,,none,persisted,input,,,,,src/core/filing/models/plan-annual.js,emptyDataPlanAnnual(),,Found missing from the old CSV during Milestone 34-2 migration; added directly from the emptyData*() factory / validator.
plan_annual,D,q9PhysOther,Physical disability: other,boolean,,conditional,at least one Q9 physical disability option must be checked,,none,persisted,input,,,,,src/core/filing/models/plan-annual.js,emptyDataPlanAnnual(),,Found missing from the old CSV during Milestone 34-2 migration; added directly from the emptyData*() factory / validator.
plan_annual,D,q9PhysExplain,"Explanation for ""Other"" physical disability",string,,conditional,q9PhysOther is true,,none,persisted,input,,,,,src/core/filing/models/plan-annual.js,emptyDataPlanAnnual(),,Found missing from the old CSV during Milestone 34-2 migration; added directly from the emptyData*() factory / validator.
plan_annual,D,q9UsesDentures,Currently uses: dentures,boolean,,optional,,,none,persisted,input,,,,,src/core/filing/models/plan-annual.js,emptyDataPlanAnnual(),,Found missing from the old CSV during Milestone 34-2 migration; added directly from the emptyData*() factory / validator.
plan_annual,D,q9UsesHearingAid,Currently uses: hearing aid,boolean,,optional,,,none,persisted,input,,,,,src/core/filing/models/plan-annual.js,emptyDataPlanAnnual(),,Found missing from the old CSV during Milestone 34-2 migration; added directly from the emptyData*() factory / validator.
plan_annual,D,q9UsesWheelchair,Currently uses: wheelchair,boolean,,optional,,,none,persisted,input,,,,,src/core/filing/models/plan-annual.js,emptyDataPlanAnnual(),,Found missing from the old CSV during Milestone 34-2 migration; added directly from the emptyData*() factory / validator.
plan_annual,D,q9UsesWalker,Currently uses: walker,boolean,,optional,,,none,persisted,input,,,,,src/core/filing/models/plan-annual.js,emptyDataPlanAnnual(),,Found missing from the old CSV during Milestone 34-2 migration; added directly from the emptyData*() factory / validator.
plan_annual,D,q9UsesCrutches,Currently uses: crutches,boolean,,optional,,,none,persisted,input,,,,,src/core/filing/models/plan-annual.js,emptyDataPlanAnnual(),,Found missing from the old CSV during Milestone 34-2 migration; added directly from the emptyData*() factory / validator.
plan_annual,D,q9UsesProsthetics,Currently uses: prosthetics,boolean,,optional,,,none,persisted,input,,,,,src/core/filing/models/plan-annual.js,emptyDataPlanAnnual(),,Found missing from the old CSV during Milestone 34-2 migration; added directly from the emptyData*() factory / validator.
plan_annual,D,q9UsesGlasses,Currently uses: glasses,boolean,,optional,,,none,persisted,input,,,,,src/core/filing/models/plan-annual.js,emptyDataPlanAnnual(),,Found missing from the old CSV during Milestone 34-2 migration; added directly from the emptyData*() factory / validator.
plan_annual,D,q9UsesNone,Currently uses: none,boolean,,optional,,,none,persisted,input,,,,,src/core/filing/models/plan-annual.js,emptyDataPlanAnnual(),,Found missing from the old CSV during Milestone 34-2 migration; added directly from the emptyData*() factory / validator.
plan_annual,D,q9UsesOther,Currently uses: other,boolean,,optional,,,none,persisted,input,,,,,src/core/filing/models/plan-annual.js,emptyDataPlanAnnual(),,Found missing from the old CSV during Milestone 34-2 migration; added directly from the emptyData*() factory / validator.
plan_annual,D,q9UsesExplain,"Explanation for ""Other"" device currently used",string,,conditional,q9UsesOther is true,,none,persisted,input,,,,,src/core/filing/models/plan-annual.js,emptyDataPlanAnnual(),,Found missing from the old CSV during Milestone 34-2 migration; added directly from the emptyData*() factory / validator.
plan_annual,D,q9NeedsDentures,Needs: dentures,boolean,,optional,,,none,persisted,input,,,,,src/core/filing/models/plan-annual.js,emptyDataPlanAnnual(),,Found missing from the old CSV during Milestone 34-2 migration; added directly from the emptyData*() factory / validator.
plan_annual,D,q9NeedsHearingAid,Needs: hearing aid,boolean,,optional,,,none,persisted,input,,,,,src/core/filing/models/plan-annual.js,emptyDataPlanAnnual(),,Found missing from the old CSV during Milestone 34-2 migration; added directly from the emptyData*() factory / validator.
plan_annual,D,q9NeedsWheelchair,Needs: wheelchair,boolean,,optional,,,none,persisted,input,,,,,src/core/filing/models/plan-annual.js,emptyDataPlanAnnual(),,Found missing from the old CSV during Milestone 34-2 migration; added directly from the emptyData*() factory / validator.
plan_annual,D,q9NeedsWalker,Needs: walker,boolean,,optional,,,none,persisted,input,,,,,src/core/filing/models/plan-annual.js,emptyDataPlanAnnual(),,Found missing from the old CSV during Milestone 34-2 migration; added directly from the emptyData*() factory / validator.
plan_annual,D,q9NeedsCrutches,Needs: crutches,boolean,,optional,,,none,persisted,input,,,,,src/core/filing/models/plan-annual.js,emptyDataPlanAnnual(),,Found missing from the old CSV during Milestone 34-2 migration; added directly from the emptyData*() factory / validator.
plan_annual,D,q9NeedsProsthetics,Needs: prosthetics,boolean,,optional,,,none,persisted,input,,,,,src/core/filing/models/plan-annual.js,emptyDataPlanAnnual(),,Found missing from the old CSV during Milestone 34-2 migration; added directly from the emptyData*() factory / validator.
plan_annual,D,q9NeedsGlasses,Needs: glasses,boolean,,optional,,,none,persisted,input,,,,,src/core/filing/models/plan-annual.js,emptyDataPlanAnnual(),,Found missing from the old CSV during Milestone 34-2 migration; added directly from the emptyData*() factory / validator.
plan_annual,D,q9NeedsNone,Needs: none,boolean,,optional,,,none,persisted,input,,,,,src/core/filing/models/plan-annual.js,emptyDataPlanAnnual(),,Found missing from the old CSV during Milestone 34-2 migration; added directly from the emptyData*() factory / validator.
plan_annual,D,q9NeedsOther,Needs: other,boolean,,optional,,,none,persisted,input,,,,,src/core/filing/models/plan-annual.js,emptyDataPlanAnnual(),,Found missing from the old CSV during Milestone 34-2 migration; added directly from the emptyData*() factory / validator.
plan_annual,D,q9NeedsExplain,"Explanation for ""Other"" device needed",string,,conditional,q9NeedsOther is true,,none,persisted,input,,,,,src/core/filing/models/plan-annual.js,emptyDataPlanAnnual(),,Found missing from the old CSV during Milestone 34-2 migration; added directly from the emptyData*() factory / validator.
plan_annual,D,q10NoDirectives,No pre-existing advance directives,boolean,,conditional,exactly one of q10NoDirectives/q10Executed must be true,,none,persisted,input,,,,,src/core/filing/models/plan-annual.js,emptyDataPlanAnnual(),,Found missing from the old CSV during Milestone 34-2 migration; added directly from the emptyData*() factory / validator.
plan_annual,D,q10StepResidence,Verification step: checked residence,boolean,,optional,,,none,persisted,input,,,,,src/core/filing/models/plan-annual.js,emptyDataPlanAnnual(),,Found missing from the old CSV during Milestone 34-2 migration; added directly from the emptyData*() factory / validator.
plan_annual,D,q10StepSafeDeposit,Verification step: checked safe deposit box,boolean,,optional,,,none,persisted,input,,,,,src/core/filing/models/plan-annual.js,emptyDataPlanAnnual(),,Found missing from the old CSV during Milestone 34-2 migration; added directly from the emptyData*() factory / validator.
plan_annual,D,q10StepInterviewed,Verification step: interviewed ward,boolean,,optional,,,none,persisted,input,,,,,src/core/filing/models/plan-annual.js,emptyDataPlanAnnual(),,Found missing from the old CSV during Milestone 34-2 migration; added directly from the emptyData*() factory / validator.
plan_annual,D,q10StepMedicalProviders,Verification step: checked with medical providers,boolean,,optional,,,none,persisted,input,,,,,src/core/filing/models/plan-annual.js,emptyDataPlanAnnual(),,Found missing from the old CSV during Milestone 34-2 migration; added directly from the emptyData*() factory / validator.
plan_annual,D,q10StepAttorney,Verification step: checked with attorney,boolean,,optional,,,none,persisted,input,,,,,src/core/filing/models/plan-annual.js,emptyDataPlanAnnual(),,Found missing from the old CSV during Milestone 34-2 migration; added directly from the emptyData*() factory / validator.
plan_annual,D,q10Executed,Advance directives executed,boolean,,conditional,exactly one of q10NoDirectives/q10Executed must be true,,none,persisted,input,,,,,src/core/filing/models/plan-annual.js,emptyDataPlanAnnual(),,Found missing from the old CSV during Milestone 34-2 migration; added directly from the emptyData*() factory / validator.
plan_annual,D,q10ExecDNR,Executed directive: Do Not Resuscitate,boolean,,optional,,,none,persisted,input,,,,,src/core/filing/models/plan-annual.js,emptyDataPlanAnnual(),,Found missing from the old CSV during Milestone 34-2 migration; added directly from the emptyData*() factory / validator.
plan_annual,D,q10ExecHealthcare,Executed directive: health care surrogate,boolean,,optional,,,none,persisted,input,,,,,src/core/filing/models/plan-annual.js,emptyDataPlanAnnual(),,Found missing from the old CSV during Milestone 34-2 migration; added directly from the emptyData*() factory / validator.
plan_annual,D,q10ExecPOA,Executed directive: power of attorney,boolean,,optional,,,none,persisted,input,,,,,src/core/filing/models/plan-annual.js,emptyDataPlanAnnual(),,Found missing from the old CSV during Milestone 34-2 migration; added directly from the emptyData*() factory / validator.
plan_annual,D,q10ExecOther,Executed directive: other,boolean,,optional,,,none,persisted,input,,,,,src/core/filing/models/plan-annual.js,emptyDataPlanAnnual(),,Found missing from the old CSV during Milestone 34-2 migration; added directly from the emptyData*() factory / validator.
plan_annual,D,q10ExecOtherText,"Description of ""Other"" executed directive",string,,conditional,q10ExecOther is true,,none,persisted,input,,,,,src/core/filing/models/plan-annual.js,emptyDataPlanAnnual(),,Found missing from the old CSV during Milestone 34-2 migration; added directly from the emptyData*() factory / validator.
plan_annual,D,q11NoRemuneration,No remuneration received,boolean,,conditional,either q11NoRemuneration is checked or received-name/amount/from is filled,,none,persisted,input,,,,,src/core/filing/models/plan-annual.js,emptyDataPlanAnnual(),,Found missing from the old CSV during Milestone 34-2 migration; added directly from the emptyData*() factory / validator.
plan_annual,D,q11NoRemunerationName,Declaring guardian's name,string,,conditional,q11NoRemuneration is true,,none,persisted,input,,,,,src/core/filing/models/plan-annual.js,emptyDataPlanAnnual(),,Found missing from the old CSV during Milestone 34-2 migration; added directly from the emptyData*() factory / validator.
plan_annual,D,q11ReceivedName,Declaring guardian's name,string,,conditional,remuneration was received,,none,persisted,input,,,,,src/core/filing/models/plan-annual.js,emptyDataPlanAnnual(),,Found missing from the old CSV during Milestone 34-2 migration; added directly from the emptyData*() factory / validator.
plan_annual,D,q11Amount,Amount received,decimal,currency,conditional,remuneration was received,,none,persisted,input,,,,,src/core/filing/models/plan-annual.js,emptyDataPlanAnnual(),,Found missing from the old CSV during Milestone 34-2 migration; added directly from the emptyData*() factory / validator.
plan_annual,D,q11From,Received from (person or company),string,,conditional,remuneration was received,,none,persisted,input,,,,,src/core/filing/models/plan-annual.js,emptyDataPlanAnnual(),,Found missing from the old CSV during Milestone 34-2 migration; added directly from the emptyData*() factory / validator.
plan_annual,D,q11SubmittedToCourt,Reimbursement/fee requests submitted to court,boolean,,optional,,,none,persisted,input,,,,,src/core/filing/models/plan-annual.js,emptyDataPlanAnnual(),,Found missing from the old CSV during Milestone 34-2 migration; added directly from the emptyData*() factory / validator.
plan_annual,D,certIncapacitatedNoCopy,"Certification: ward declared incapacitated, no copy given",boolean,,optional,,,none,persisted,input,,,,,src/core/filing/models/plan-annual.js,emptyDataPlanAnnual(),,Found missing from the old CSV during Milestone 34-2 migration; added directly from the emptyData*() factory / validator.
plan_annual,D,certMinorNoCopy,"Certification: ward is a minor, no copy given",boolean,,optional,,,none,persisted,input,,,,,src/core/filing/models/plan-annual.js,emptyDataPlanAnnual(),,Found missing from the old CSV during Milestone 34-2 migration; added directly from the emptyData*() factory / validator.
plan_annual,D,certConsulted,Certification: guardian consulted with ward,boolean,,optional,,,none,persisted,input,,,,,src/core/filing/models/plan-annual.js,emptyDataPlanAnnual(),,Found missing from the old CSV during Milestone 34-2 migration; added directly from the emptyData*() factory / validator.
plan_annual,D,certNoRestriction,Certification: plan does not restrict ward's liberty,boolean,,optional,,,none,persisted,input,,,,,src/core/filing/models/plan-annual.js,emptyDataPlanAnnual(),,Found missing from the old CSV during Milestone 34-2 migration; added directly from the emptyData*() factory / validator.
plan_annual,D,certProvidesMedical,Certification: plan provides for ward's medical care,boolean,,optional,,,none,persisted,input,,,,,src/core/filing/models/plan-annual.js,emptyDataPlanAnnual(),,Found missing from the old CSV during Milestone 34-2 migration; added directly from the emptyData*() factory / validator.
plan_annual,D,certRecognizeRights,Certification: guardian recognizes ward's retained rights,boolean,,optional,,,none,persisted,input,,,,,src/core/filing/models/plan-annual.js,emptyDataPlanAnnual(),,Found missing from the old CSV during Milestone 34-2 migration; added directly from the emptyData*() factory / validator.
plan_annual,D,certRightsChangedExplain,Explanation when rights changed but no petition filed,string,,optional,,,none,persisted,input,,,,,src/core/filing/models/plan-annual.js,emptyDataPlanAnnual(),,Found missing from the old CSV during Milestone 34-2 migration; added directly from the emptyData*() factory / validator.
plan_annual,D,attorney_signatureDate,Attorney signature date,date,iso-date,conditional,"signatureState is 'typed' (Milestone 39-C)",,none,persisted,input,,,,,src/core/filing/models/plan-annual.js,emptyDataPlanAnnual(),,"Found missing from the old CSV during Milestone 34-2 migration; added directly from the emptyData*() factory / validator. Milestone 39-C: narrowed from unconditionally optional (order-check only) to conditional on the new signatureState field -- the attorney card itself remains fully optional (""Leave blank if no attorney is involved"")."
plan_annual,D,attorney_signatureState,Attorney signature state,enum,,optional,,none; typed; stamp,none,persisted,input,,,,,src/core/validation/signature-state.js,checkSignatureState()/SIGNATURE_STATES,,"Milestone 39-C. Same tri-state control as the guardian row, rolled out to the scalar-shaped Attorney card. name IS passed to checkSignatureState() here (unlike the guardian role) since the attorney card has no independent, unconditional printed-name requirement of its own."
plan_annual,D,attorney_signatureImage,Attorney signature stamp image (base64 PNG),string,base64-png,conditional,signatureState is 'stamp',,document-content,persisted,input,,,,,src/core/signature/signature-pad.js,mountSignaturePad()/validateSignatureImage(),,Milestone 39-C. Same constraints as the guardian row's signatureImage.
plan_annual,D,attorney_bar,Attorney bar number,string,bar-number,optional,,,none,persisted,input,,,,,src/core/filing/models/plan-annual.js,emptyDataPlanAnnual(),,Found missing from the old CSV during Milestone 34-2 migration; added directly from the emptyData*() factory / validator.
plan_annual,D,attorney_phone,Attorney phone,string,phone,optional,,,none,persisted,input,,,,,src/core/filing/models/plan-annual.js,emptyDataPlanAnnual(),,Found missing from the old CSV during Milestone 34-2 migration; added directly from the emptyData*() factory / validator.
plan_annual,D,attorney_email,Attorney email,string,email,conditional,an attorney is started (Milestone 72C; attorney-block.js isAttorneyStarted()),,personal,persisted,input,,,,,src/core/filing/models/plan-annual.js,emptyDataPlanAnnual(),,"Milestone 55D: enforces the required asterisk this field already rendered. Milestone 72C: gated on the shared 'attorney started' test rather than the name alone, so a Bar number or phone with no name asks for both the name and this email."
plan_annual,D,attorney_secondary_email,Attorney secondary email,string,email,optional,,,personal,persisted,input,,,,,src/core/filing/models/plan-annual.js,emptyDataPlanAnnual(),,"Milestone 72B: The signature page has always collected it (Secondary Email (optional)); now in the model, and carried with the primary email by carry-over and conversion. Email address"
plan_annual,D,attorney_street,Attorney street,string,,optional,,,none,persisted,input,,,,,src/core/filing/models/plan-annual.js,emptyDataPlanAnnual(),,Found missing from the old CSV during Milestone 34-2 migration; added directly from the emptyData*() factory / validator.
plan_annual,D,attorney_cityStateZip,Attorney city/state/ZIP,string,zip,optional,,,none,persisted,input,,,,,src/core/filing/models/plan-annual.js,emptyDataPlanAnnual(),,Found missing from the old CSV during Milestone 34-2 migration; added directly from the emptyData*() factory / validator.
plan_initial,D,inceptionDate,Guardianship inception date,date,iso-date,required,,,none,persisted,input,,,,,src/core/filing/models/plan-initial.js,emptyDataPlanInitial(),,Found missing from the old CSV during Milestone 34-2 migration; added directly from the emptyData*() factory / validator.
plan_initial,D,lettersSignedDate,Date Letters of Guardianship were signed,date,iso-date,required,,,none,persisted,input,,,,,src/core/filing/models/plan-initial.js,emptyDataPlanInitial(),,Found missing from the old CSV during Milestone 34-2 migration; added directly from the emptyData*() factory / validator.
plan_initial,D,successorGuardianship,Successor guardianship indicator,enum,,optional,,Successor; Standby; Surrogate; Emergency Temporary Guardianship; None,none,persisted,input,,,,,src/core/filing/models/plan-initial.js,emptyDataPlanInitial(),,Existing control converted to GD-workslip-derived lifecycle select; legacy free-text values are preserved as selected ad hoc options until user changes them.
plan_initial,D,guardianNames,Guardian name(s),string,,required,,,none,persisted,input,,,,,src/core/filing/models/plan-initial.js,emptyDataPlanInitial(),,Found missing from the old CSV during Milestone 34-2 migration; added directly from the emptyData*() factory / validator.
plan_initial,D,attorneyName,"Attorney name (cover, display only)",string,,optional,"Cosmetic-only cover display field, distinct from the validated attorney_name certification field",,none,persisted,input,,,,,src/core/filing/models/plan-initial.js,emptyDataPlanInitial(),,Found missing from the old CSV during Milestone 34-2 migration; added directly from the emptyData*() factory / validator.
plan_initial,D,wardLiving,Where the ward is living,string,,required,,,none,persisted,input,,,,,src/core/filing/models/plan-initial.js,emptyDataPlanInitial(),,Found missing from the old CSV during Milestone 34-2 migration; added directly from the emptyData*() factory / validator.
plan_initial,D,residenceAddress,Address where ward resides,string,,required,,,none,persisted,input,,,,,src/core/filing/models/plan-initial.js,emptyDataPlanInitial(),,Found missing from the old CSV during Milestone 34-2 migration; added directly from the emptyData*() factory / validator.
plan_initial,D,residenceCityStateZip,City/state/ZIP where ward resides,string,zip,required,,,none,persisted,input,,,,,src/core/filing/models/plan-initial.js,emptyDataPlanInitial(),,Found missing from the old CSV during Milestone 34-2 migration; added directly from the emptyData*() factory / validator.
plan_initial,D,residencePhone,Phone where ward resides,string,phone,optional,,,none,persisted,input,,,,,src/core/filing/models/plan-initial.js,emptyDataPlanInitial(),,Found missing from the old CSV during Milestone 34-2 migration; added directly from the emptyData*() factory / validator.
plan_initial,D,mailingAddress,Ward's mailing address,string,,optional,,,none,persisted,input,,,,,src/core/filing/models/plan-initial.js,emptyDataPlanInitial(),,Found missing from the old CSV during Milestone 34-2 migration; added directly from the emptyData*() factory / validator.
plan_initial,D,mailingCityStateZip,Ward's mailing city/state/ZIP,string,zip,optional,,,none,persisted,input,,,,,src/core/filing/models/plan-initial.js,emptyDataPlanInitial(),,Found missing from the old CSV during Milestone 34-2 migration; added directly from the emptyData*() factory / validator.
plan_initial,D,q1PreexistingDirectives,Pre-existing advance directives narrative,string,,optional,,,none,persisted,input,,,,,src/core/filing/models/plan-initial.js,emptyDataPlanInitial(),,Found missing from the old CSV during Milestone 34-2 migration; added directly from the emptyData*() factory / validator.
plan_initial,D,q2Explain,"Explanation for ""Other"" residential setting",string,,conditional,q2Other is true,,none,persisted,input,,,,,src/core/filing/models/plan-initial.js,emptyDataPlanInitial(),,Found missing from the old CSV during Milestone 34-2 migration; added directly from the emptyData*() factory / validator.
plan_initial,D,q4Explain,Mental health service explanation,string,,conditional,q4None or q4Other is true,,none,persisted,input,,,,,src/core/filing/models/plan-initial.js,emptyDataPlanInitial(),,Found missing from the old CSV during Milestone 34-2 migration; added directly from the emptyData*() factory / validator.
plan_initial,D,q5Explain,"Explanation for ""Other"" personal care",string,,conditional,q5Other is true,,none,persisted,input,,,,,src/core/filing/models/plan-initial.js,emptyDataPlanInitial(),,Found missing from the old CSV during Milestone 34-2 migration; added directly from the emptyData*() factory / validator.
plan_initial,D,committeeExplain,Explanation when committee recommendations not incorporated,string,,conditional,committeeIncorporated is 'No',,none,persisted,input,,,,,src/core/filing/models/plan-initial.js,emptyDataPlanInitial(),,Found missing from the old CSV during Milestone 34-2 migration; added directly from the emptyData*() factory / validator.
plan_initial,D,q11NoDirectives,No pre-existing advance directives,boolean,,conditional,exactly one of q11NoDirectives/q11Executed must be true,,none,persisted,input,,,,,src/core/filing/models/plan-initial.js,emptyDataPlanInitial(),,Found missing from the old CSV during Milestone 34-2 migration; added directly from the emptyData*() factory / validator.
plan_initial,D,q11StepResidence,Verification step: checked residence,boolean,,optional,,,none,persisted,input,,,,,src/core/filing/models/plan-initial.js,emptyDataPlanInitial(),,Found missing from the old CSV during Milestone 34-2 migration; added directly from the emptyData*() factory / validator.
plan_initial,D,q11StepSafeDeposit,Verification step: checked safe deposit box,boolean,,optional,,,none,persisted,input,,,,,src/core/filing/models/plan-initial.js,emptyDataPlanInitial(),,Found missing from the old CSV during Milestone 34-2 migration; added directly from the emptyData*() factory / validator.
plan_initial,D,q11StepInterviewed,Verification step: interviewed ward,boolean,,optional,,,none,persisted,input,,,,,src/core/filing/models/plan-initial.js,emptyDataPlanInitial(),,Found missing from the old CSV during Milestone 34-2 migration; added directly from the emptyData*() factory / validator.
plan_initial,D,q11StepMedicalProviders,Verification step: checked with medical providers,boolean,,optional,,,none,persisted,input,,,,,src/core/filing/models/plan-initial.js,emptyDataPlanInitial(),,Found missing from the old CSV during Milestone 34-2 migration; added directly from the emptyData*() factory / validator.
plan_initial,D,q11StepAttorney,Verification step: checked with attorney,boolean,,optional,,,none,persisted,input,,,,,src/core/filing/models/plan-initial.js,emptyDataPlanInitial(),,Found missing from the old CSV during Milestone 34-2 migration; added directly from the emptyData*() factory / validator.
plan_initial,D,q11Executed,Advance directives executed,boolean,,conditional,exactly one of q11NoDirectives/q11Executed must be true,,none,persisted,input,,,,,src/core/filing/models/plan-initial.js,emptyDataPlanInitial(),,Found missing from the old CSV during Milestone 34-2 migration; added directly from the emptyData*() factory / validator.
plan_initial,D,q11ExecDNR,Executed directive: Do Not Resuscitate,boolean,,optional,,,none,persisted,input,,,,,src/core/filing/models/plan-initial.js,emptyDataPlanInitial(),,Found missing from the old CSV during Milestone 34-2 migration; added directly from the emptyData*() factory / validator.
plan_initial,D,q11ExecHealthcare,Executed directive: health care surrogate,boolean,,optional,,,none,persisted,input,,,,,src/core/filing/models/plan-initial.js,emptyDataPlanInitial(),,Found missing from the old CSV during Milestone 34-2 migration; added directly from the emptyData*() factory / validator.
plan_initial,D,q11ExecPOA,Executed directive: power of attorney,boolean,,optional,,,none,persisted,input,,,,,src/core/filing/models/plan-initial.js,emptyDataPlanInitial(),,Found missing from the old CSV during Milestone 34-2 migration; added directly from the emptyData*() factory / validator.
plan_initial,D,q11ExecOther,Executed directive: other,boolean,,optional,,,none,persisted,input,,,,,src/core/filing/models/plan-initial.js,emptyDataPlanInitial(),,Found missing from the old CSV during Milestone 34-2 migration; added directly from the emptyData*() factory / validator.
plan_initial,D,q11ExecOtherText,"Description of ""Other"" executed directive",string,,conditional,q11ExecOther is true,,none,persisted,input,,,,,src/core/filing/models/plan-initial.js,emptyDataPlanInitial(),,Found missing from the old CSV during Milestone 34-2 migration; added directly from the emptyData*() factory / validator.
plan_initial,D,certIncapacitatedNoCopy,"Certification: ward declared incapacitated, no copy given",boolean,,optional,,,none,persisted,input,,,,,src/core/filing/models/plan-initial.js,emptyDataPlanInitial(),,Found missing from the old CSV during Milestone 34-2 migration; added directly from the emptyData*() factory / validator.
plan_initial,D,certMinorNoCopy,"Certification: ward is a minor, no copy given",boolean,,optional,,,none,persisted,input,,,,,src/core/filing/models/plan-initial.js,emptyDataPlanInitial(),,Found missing from the old CSV during Milestone 34-2 migration; added directly from the emptyData*() factory / validator.
plan_initial,D,certConsulted,Certification: guardian consulted with ward,boolean,,conditional,at least one certification statement must be checked,,none,persisted,input,,,,,src/core/filing/models/plan-initial.js,emptyDataPlanInitial(),,Found missing from the old CSV during Milestone 34-2 migration; added directly from the emptyData*() factory / validator.
plan_initial,D,certRecognizeRights,Certification: guardian recognizes ward's retained rights,boolean,,optional,,,none,persisted,input,,,,,src/core/filing/models/plan-initial.js,emptyDataPlanInitial(),,Found missing from the old CSV during Milestone 34-2 migration; added directly from the emptyData*() factory / validator.
plan_initial,D,certNoRestriction,Certification: plan does not restrict ward's liberty,boolean,,optional,,,none,persisted,input,,,,,src/core/filing/models/plan-initial.js,emptyDataPlanInitial(),,Found missing from the old CSV during Milestone 34-2 migration; added directly from the emptyData*() factory / validator.
plan_initial,D,certProvidesCare,Certification: plan provides for ward's care,boolean,,optional,,,none,persisted,input,,,,,src/core/filing/models/plan-initial.js,emptyDataPlanInitial(),,Found missing from the old CSV during Milestone 34-2 migration; added directly from the emptyData*() factory / validator.
plan_initial,D,attorney_name,Attorney name,string,,required,,,none,persisted,input,,,,,src/core/filing/models/plan-initial.js,emptyDataPlanInitial(),,Found missing from the old CSV during Milestone 34-2 migration; added directly from the emptyData*() factory / validator.
plan_initial,D,attorney_bar,Attorney bar number,string,bar-number,optional,,,none,persisted,input,,,,,src/core/filing/models/plan-initial.js,emptyDataPlanInitial(),,Found missing from the old CSV during Milestone 34-2 migration; added directly from the emptyData*() factory / validator.
plan_initial,D,attorney_phone,Attorney phone,string,phone,optional,,,none,persisted,input,,,,,src/core/filing/models/plan-initial.js,emptyDataPlanInitial(),,Found missing from the old CSV during Milestone 34-2 migration; added directly from the emptyData*() factory / validator.
plan_initial,D,attorney_email,Attorney email,string,email,conditional,attorney information started,,personal,persisted,input,,,,,src/core/filing/models/plan-initial.js,emptyDataPlanInitial(),,"Milestone 55D: enforces the required asterisk this field already rendered (inpS(...,true,'email')) with no matching validator rule. Gated on the same ""attorney information started"" predicate (Milestone 35-3 pro se/Guardian Advocate exemption) already used for attorney_name and the signature-state fields on this row's neighbors, not a separately-evaluated condition -- so a blank attorney card keeps exporting cleanly under the same exemption."
plan_initial,D,attorney_secondaryEmail,Attorney secondary email,string,email,optional,,,personal,persisted,input,,,,,src/core/filing/models/plan-initial.js,emptyDataPlanInitial(),,"Milestone 72B: The attorney certification has always collected it (Secondary Email (optional)); now in the model, and carried with the primary email by carry-over and conversion. Email address"
plan_initial,D,attorney_street,Attorney street,string,,optional,,,none,persisted,input,,,,,src/core/filing/models/plan-initial.js,emptyDataPlanInitial(),,Found missing from the old CSV during Milestone 34-2 migration; added directly from the emptyData*() factory / validator.
plan_initial,D,attorney_cityStateZip,Attorney city/state/ZIP,string,zip,optional,,,none,persisted,input,,,,,src/core/filing/models/plan-initial.js,emptyDataPlanInitial(),,Found missing from the old CSV during Milestone 34-2 migration; added directly from the emptyData*() factory / validator.
plan_initial,D,attorney_signatureDate,Attorney signature date,date,iso-date,conditional,"attorney info started (Milestone 35-3 pro se/Guardian Advocate exemption) AND signatureState is 'typed' (Milestone 39-C)",,none,persisted,input,,,,,src/core/filing/models/plan-initial.js,emptyDataPlanInitial(),,"Found missing from the old CSV during Milestone 34-2 migration; added directly from the emptyData*() factory / validator. Corrected from an unconditional ""required"" (never actually enforced unconditionally -- see Milestone 35-3's pro se/Guardian Advocate exemption in validatePlanInitial()) to conditional, and narrowed further by Milestone 39-C's signatureState field."
plan_initial,D,attorney_signatureState,Attorney signature state,enum,,optional,,none; typed; stamp,none,persisted,input,,,,,src/core/validation/signature-state.js,checkSignatureState()/SIGNATURE_STATES,,"Milestone 39-C. Same tri-state control as the guardian row, rolled out to the scalar-shaped Attorney card. name omitted from checkSignatureState() here: attorney_name is already independently required once the attorney card is ""started"" (Milestone 35-3)."
plan_initial,D,attorney_signatureImage,Attorney signature stamp image (base64 PNG),string,base64-png,conditional,signatureState is 'stamp',,document-content,persisted,input,,,,,src/core/signature/signature-pad.js,mountSignaturePad()/validateSignatureImage(),,Milestone 39-C. Same constraints as the guardian row's signatureImage.
plan_initial,D,certRecipients[].name,Certificate-of-service recipient name,string,,optional,,,personal,persisted,input,1,unbounded,1,,src/core/filing/plan-certificate-of-service.js,emptyCertRecipient() / emptyCertificateOfService(),,"Milestone 68C. Repeatable recipient row in the accountings' shape; Recipient 1 name completes a card for the sidebar's 'settled' rule only. Nothing on the certificate gates export."
plan_initial,D,certRecipients[].line2,Recipient address line 2,string,,optional,,,personal,persisted,input,1,unbounded,1,,src/core/filing/plan-certificate-of-service.js,emptyCertRecipient() / emptyCertificateOfService(),,"Milestone 68C. Free-form address line, as on the accountings."
plan_initial,D,certRecipients[].line3,Recipient address line 3,string,,optional,,,personal,persisted,input,1,unbounded,1,,src/core/filing/plan-certificate-of-service.js,emptyCertRecipient() / emptyCertificateOfService(),,"Milestone 68C. Free-form address line, as on the accountings."
plan_initial,D,certRecipients[].line4,Recipient address line 4,string,,optional,,,personal,persisted,input,1,unbounded,1,,src/core/filing/plan-certificate-of-service.js,emptyCertRecipient() / emptyCertificateOfService(),,"Milestone 68C. Free-form address line, as on the accountings."
plan_initial,D,certNoRecipients,No certificate-of-service recipients required (filer attestation),enum,,optional,,Yes; No,none,persisted,input,,,,,src/core/filing/plan-certificate-of-service.js,emptyCertificateOfService(),,"Milestone 68C. Tri-state, never coerced (section 4); asked only when no recipient is listed (the 57B rule). The sidebar asks; export never demands."
plan_initial,D,certDate,Certificate of service date,date,iso-date,optional,,,none,persisted,input,,,,,src/core/filing/plan-certificate-of-service.js,emptyCertificateOfService(),,"Milestone 68C. ISO date. Optional by decision (2026-09-24); the print preview notes it when blank."
plan_initial,D,certIndicator,Certificate indicator (method of service),string,,optional,,,none,persisted,input,,,,,src/core/filing/plan-certificate-of-service.js,emptyCertificateOfService(),,"Milestone 68C. Printed after the date of service, e.g. ""mailed""."
plan_initial,D,certSigner,Who certifies service,enum,,optional,,guardian; attorney,none,persisted,input,,,,,src/core/filing/plan-certificate-of-service.js,resolveCertSigner(),,"Milestone 68C. Blank means the default: attorney when the plan names one, otherwise Guardian 1 (Rule 2.516: signed by the attorney or party). The printed name is carried from the plan."
plan_initial,D,certSignatureDate,Certificate-of-service signature date,date,iso-date,optional,,,none,persisted,input,,,,,src/core/filing/plan-certificate-of-service.js,emptyCertificateOfService(),,"Milestone 68C. ISO date. A date with a blank state reads as a typed signature (inferLegacySignatureState)."
plan_initial,D,certSignatureState,Certificate-of-service signature state,enum,,optional,,none; typed; stamp,none,persisted,input,,,,,src/core/validation/signature-state.js,checkSignatureState()/SIGNATURE_STATES,,"Milestone 68C. The same tri-state control as the plan's own signatures."
plan_initial,D,certSignatureImage,Certificate-of-service signature stamp image (base64 PNG),string,base64-png,conditional,signatureState is 'stamp',,document-content,persisted,input,,,,,src/core/signature/signature-pad.js,mountSignaturePad()/validateSignatureImage(),,"Milestone 68C. Same constraints as every other signature stamp."
plan_minor,D,certIncapacitated,Certification: ward declared incapacitated,boolean,,conditional,at least one certification statement must be checked,,none,persisted,input,,,,,src/core/filing/models/plan-minor.js,emptyDataPlanMinor(),,Found missing from the old CSV during Milestone 34-2 migration; added directly from the emptyData*() factory / validator.
plan_minor,D,certMinor,Certification: ward is a minor,boolean,,conditional,at least one certification statement must be checked,,none,persisted,input,,,,,src/core/filing/models/plan-minor.js,emptyDataPlanMinor(),,Found missing from the old CSV during Milestone 34-2 migration; added directly from the emptyData*() factory / validator.
plan_minor,D,certConsulted,Certification: guardian consulted with minor,boolean,,conditional,at least one certification statement must be checked,,none,persisted,input,,,,,src/core/filing/models/plan-minor.js,emptyDataPlanMinor(),,Found missing from the old CSV during Milestone 34-2 migration; added directly from the emptyData*() factory / validator.
plan_minor,D,certNoRestriction,Certification: plan does not restrict minor's liberty,boolean,,conditional,at least one certification statement must be checked,,none,persisted,input,,,,,src/core/filing/models/plan-minor.js,emptyDataPlanMinor(),,Found missing from the old CSV during Milestone 34-2 migration; added directly from the emptyData*() factory / validator.
plan_minor,D,certProvidesCare,Certification: plan provides for minor's care,boolean,,conditional,at least one certification statement must be checked,,none,persisted,input,,,,,src/core/filing/models/plan-minor.js,emptyDataPlanMinor(),,Found missing from the old CSV during Milestone 34-2 migration; added directly from the emptyData*() factory / validator.
plan_minor,D,certPhysicianAttached,Certification: physician's statement attached,boolean,,conditional,at least one certification statement must be checked,,none,persisted,input,,,,,src/core/filing/models/plan-minor.js,emptyDataPlanMinor(),,Found missing from the old CSV during Milestone 34-2 migration; added directly from the emptyData*() factory / validator.
annual_accounting,D,certRecipients[].name,Certificate-of-service recipient name,string,,optional,,,none,persisted,input,1,unbounded,4,,src/core/form/schedule-definitions.js,SCHEDULE_SCHEMAS.certRecipients / emptyDataAnnual(),,Found missing from the old CSV during Milestone 34-2 migration; added directly from the emptyData*() factory / validator.
annual_accounting,D,certRecipients[].line2,Recipient address line 2,string,,optional,,,none,persisted,input,1,unbounded,4,,src/core/form/schedule-definitions.js,SCHEDULE_SCHEMAS.certRecipients / emptyDataAnnual(),,Found missing from the old CSV during Milestone 34-2 migration; added directly from the emptyData*() factory / validator.
annual_accounting,D,certRecipients[].line3,Recipient address line 3,string,,optional,,,none,persisted,input,1,unbounded,4,,src/core/form/schedule-definitions.js,SCHEDULE_SCHEMAS.certRecipients / emptyDataAnnual(),,Found missing from the old CSV during Milestone 34-2 migration; added directly from the emptyData*() factory / validator.
annual_accounting,D,certRecipients[].line4,Recipient address line 4,string,,optional,,,none,persisted,input,1,unbounded,4,,src/core/form/schedule-definitions.js,SCHEDULE_SCHEMAS.certRecipients / emptyDataAnnual(),,Found missing from the old CSV during Milestone 34-2 migration; added directly from the emptyData*() factory / validator.
annual_accounting,D,certNoRecipients,No certificate-of-service recipients required (filer attestation),enum,,conditional,no recipient is listed,Yes; No,none,persisted,input,,,,,src/core/state.js,emptyDataAnnual(),,"Milestone 57B tri-state filer attestation, never coerced (section 4). Asked only when no recipient is listed (D16). A .sav written before 57B has no value and must read as '' -- an empty recipient list never infers 'Yes'. Never carried across a filing conversion: all four mappers reset it to '' (D7)."
guardian_inventory,D,bondWaivedDate,Date of the order waiving the bond,date,iso-date,optional,,,none,persisted,input,,,,,src/core/filing/models/guardian.js,emptyDataGuardian(),,"Found missing from the old CSV during Milestone 34-2 migration. Milestone 67B: a real date now (was free text), revealed by the bond-waived state, written to PART V G15 as an Excel date and read back from it; a G15 value on a filing with no state infers bond-waived on load."
guardian_inventory,D,bondDepositoryState,Bond / restricted depository arrangement,enum,,optional,,depository-only; bond-and-depository; bond-only; bond-waived,none,persisted,input,,,,,src/core/filing/models/guardian.js,emptyDataGuardian(),,"Milestone 67B. The tester's four-state question on D-4, replacing the 57A bondWaived tri-state (removed; inferred on load by src/core/filing/bond-depository.js: Yes or a waiver date -> bond-waived; bond details -> bond-only; nothing -> '' -- never coerced). Each state reveals only its fields, none required: nothing in the bond block gates export (advisory on the print preview instead); the sidebar asks for it (sidebar-only rule). No workbook cell. Records the arrangement only -- the per-row Restricted? flags on B-1/B-3 still feed the bond calculation."
guardian_inventory,D,restrictedDepositoryReceiptDate,Restricted depository receipt date,date,iso-date,optional,,,none,persisted,input,,,,,src/core/filing/models/guardian.js,emptyDataGuardian(),,"Milestone 67B. New on the Inventory; revealed by the two depository states. The Inventory workbook has no cell for it and directs the receipt to be filed separately (""Receipts of Depository are to be filed into the respective Case separate from the Inventory""), so it reaches the .sav and the PDF only."
plan_annual,D,q10Directives[].title,Advance directive title,string,,conditional,row is populated,,none,persisted,input,0,unbounded,0,,src/core/filing/models/plan-annual.js,emptyDataPlanAnnual(),,Found missing from the old CSV during Milestone 34-2 migration; added directly from the emptyData*() factory / validator.
plan_annual,D,q10Directives[].dateSigned,Advance directive signed date,date,iso-date,optional,,,none,persisted,input,0,unbounded,0,,src/core/filing/models/plan-annual.js,emptyDataPlanAnnual(),,Found missing from the old CSV during Milestone 34-2 migration; added directly from the emptyData*() factory / validator.
plan_annual,D,q10Directives[].signedBy,Advance directive signed by,string,,optional,,,none,persisted,input,0,unbounded,0,,src/core/filing/models/plan-annual.js,emptyDataPlanAnnual(),,Found missing from the old CSV during Milestone 34-2 migration; added directly from the emptyData*() factory / validator.
plan_annual,D,q10Directives[].agents,Advance directive agents,string,,optional,,,none,persisted,input,0,unbounded,0,,src/core/filing/models/plan-annual.js,emptyDataPlanAnnual(),,Found missing from the old CSV during Milestone 34-2 migration; added directly from the emptyData*() factory / validator.
plan_annual,D,q10Directives[].alternates,Advance directive alternates,string,,optional,,,none,persisted,input,0,unbounded,0,,src/core/filing/models/plan-annual.js,emptyDataPlanAnnual(),,Found missing from the old CSV during Milestone 34-2 migration; added directly from the emptyData*() factory / validator.
plan_annual,D,q10Directives[].relationship,Advance directive relationship,string,,optional,,,none,persisted,input,0,unbounded,0,,src/core/filing/models/plan-annual.js,emptyDataPlanAnnual(),,Found missing from the old CSV during Milestone 34-2 migration; added directly from the emptyData*() factory / validator.
plan_annual,D,q10Directives[].contact,Advance directive contact,string,,optional,,,none,persisted,input,0,unbounded,0,,src/core/filing/models/plan-annual.js,emptyDataPlanAnnual(),,Found missing from the old CSV during Milestone 34-2 migration; added directly from the emptyData*() factory / validator.
plan_annual,D,q10Directives[].courtRevoked,Advance directive court revoked indicator,enum,,conditional,directive row is populated,Yes; No,none,persisted,input,0,unbounded,0,,src/core/filing/models/plan-annual.js,emptyPlanDirective() / emptyDataPlanAnnual(),,Tri-state Yes/No; order date and county/state are shown when Yes.
plan_annual,D,q10Directives[].orderDate,Advance directive order date,date,iso-date,optional,,,none,persisted,input,0,unbounded,0,,src/core/filing/models/plan-annual.js,emptyDataPlanAnnual(),,Found missing from the old CSV during Milestone 34-2 migration; added directly from the emptyData*() factory / validator.
plan_annual,D,q10Directives[].orderCounty,Advance directive order county,string,,optional,,,none,persisted,input,0,unbounded,0,,src/core/filing/models/plan-annual.js,emptyDataPlanAnnual(),,Found missing from the old CSV during Milestone 34-2 migration; added directly from the emptyData*() factory / validator.
plan_annual,D,certPhysicianAttached,Certification: physician's statement attached,boolean,,optional,"Milestone 34-1A, Item 1: readiness-panel reminder only, not enforced by validatePlanAnnual() -- depends on an external, unverifiable-by-software fact",,none,persisted,input,,,,,src/core/filing/models/plan-annual.js,emptyDataPlanAnnual(),,Found missing from the old CSV during Milestone 34-2 migration; added directly from the emptyData*() factory / validator.
plan_annual,D,certRecipients[].name,Certificate-of-service recipient name,string,,optional,,,personal,persisted,input,1,unbounded,1,,src/core/filing/plan-certificate-of-service.js,emptyCertRecipient() / emptyCertificateOfService(),,"Milestone 68C. Repeatable recipient row in the accountings' shape; Recipient 1 name completes a card for the sidebar's 'settled' rule only. Nothing on the certificate gates export."
plan_annual,D,certRecipients[].line2,Recipient address line 2,string,,optional,,,personal,persisted,input,1,unbounded,1,,src/core/filing/plan-certificate-of-service.js,emptyCertRecipient() / emptyCertificateOfService(),,"Milestone 68C. Free-form address line, as on the accountings."
plan_annual,D,certRecipients[].line3,Recipient address line 3,string,,optional,,,personal,persisted,input,1,unbounded,1,,src/core/filing/plan-certificate-of-service.js,emptyCertRecipient() / emptyCertificateOfService(),,"Milestone 68C. Free-form address line, as on the accountings."
plan_annual,D,certRecipients[].line4,Recipient address line 4,string,,optional,,,personal,persisted,input,1,unbounded,1,,src/core/filing/plan-certificate-of-service.js,emptyCertRecipient() / emptyCertificateOfService(),,"Milestone 68C. Free-form address line, as on the accountings."
plan_annual,D,certNoRecipients,No certificate-of-service recipients required (filer attestation),enum,,optional,,Yes; No,none,persisted,input,,,,,src/core/filing/plan-certificate-of-service.js,emptyCertificateOfService(),,"Milestone 68C. Tri-state, never coerced (section 4); asked only when no recipient is listed (the 57B rule). The sidebar asks; export never demands."
plan_annual,D,certDate,Certificate of service date,date,iso-date,optional,,,none,persisted,input,,,,,src/core/filing/plan-certificate-of-service.js,emptyCertificateOfService(),,"Milestone 68C. ISO date. Optional by decision (2026-09-24); the print preview notes it when blank."
plan_annual,D,certIndicator,Certificate indicator (method of service),string,,optional,,,none,persisted,input,,,,,src/core/filing/plan-certificate-of-service.js,emptyCertificateOfService(),,"Milestone 68C. Printed after the date of service, e.g. ""mailed""."
plan_annual,D,certSigner,Who certifies service,enum,,optional,,guardian; attorney,none,persisted,input,,,,,src/core/filing/plan-certificate-of-service.js,resolveCertSigner(),,"Milestone 68C. Blank means the default: attorney when the plan names one, otherwise Guardian 1 (Rule 2.516: signed by the attorney or party). The printed name is carried from the plan."
plan_annual,D,certSignatureDate,Certificate-of-service signature date,date,iso-date,optional,,,none,persisted,input,,,,,src/core/filing/plan-certificate-of-service.js,emptyCertificateOfService(),,"Milestone 68C. ISO date. A date with a blank state reads as a typed signature (inferLegacySignatureState)."
plan_annual,D,certSignatureState,Certificate-of-service signature state,enum,,optional,,none; typed; stamp,none,persisted,input,,,,,src/core/validation/signature-state.js,checkSignatureState()/SIGNATURE_STATES,,"Milestone 68C. The same tri-state control as the plan's own signatures."
plan_annual,D,certSignatureImage,Certificate-of-service signature stamp image (base64 PNG),string,base64-png,conditional,signatureState is 'stamp',,document-content,persisted,input,,,,,src/core/signature/signature-pad.js,mountSignaturePad()/validateSignatureImage(),,"Milestone 68C. Same constraints as every other signature stamp."
guardian_inventory,D,witnesses[].name,Witness name,string,,optional,,,personal,persisted,input,0,unbounded,0,,src/features/guardian-inventory/index.js,mkWitness(),,Optional witness row.
guardian_inventory,D,witnesses[].address,Witness address,string,,optional,,,personal,persisted,input,0,unbounded,0,,src/features/guardian-inventory/index.js,mkWitness(),,Address component.
guardian_inventory,D,witnesses[].occupation,Witness occupation,string,,optional,,,none,persisted,input,0,unbounded,0,,src/features/guardian-inventory/index.js,mkWitness(),,Free text.
guardian_inventory,D,serviceRecipients[].name,Service recipient name,string,,optional,,,personal,persisted,input,1,4,2,,src/core/filing/models/guardian.js,mk.recipient() / emptyDataGuardian(),,Repeatable recipient row.
guardian_inventory,D,serviceRecipients[].address,Service recipient address,string,,optional,,,personal,persisted,input,1,4,2,,src/core/filing/models/guardian.js,mk.recipient() / emptyDataGuardian(),,Address component.
guardian_inventory,D,serviceRecipients[].cityStateZip,Service recipient city/state/ZIP,string,zip,optional,,,personal,persisted,input,1,4,2,,src/core/filing/models/guardian.js,mk.recipient() / emptyDataGuardian(),,Address component.
guardian_inventory,D,serviceNoRecipients,No service recipients required (filer attestation),enum,,conditional,no recipient is listed,Yes; No,none,persisted,input,,,,,src/core/filing/models/guardian.js,emptyDataGuardian(),,"Milestone 57B tri-state filer attestation, never coerced (section 4). Asked only when no recipient is listed (D16). A .sav written before 57B has no value and must read as '' -- an empty recipient list never infers 'Yes'. Never carried across a filing conversion: all four mappers reset it to '' (D7)."
guardian_inventory,D,serviceIndicateIf,Indicate if,enum,,required,,Ward is totally incapacitated; Ward is under 14 years old; N/A,none,persisted,input,,,,,src/core/filing/models/guardian.js,emptyDataGuardian(),,"Milestone 64A-2 item 2.4. Form PART VI J24/J25. '' is unanswered; 'N/A' is a real, complete answer, not coerced from blank."
guardian_inventory,D,serviceAttorney.name,Service attorney name,string,,optional,,,personal,persisted,input,,,,,src/core/filing/models/guardian.js,emptyDataGuardian(),,Party field.
guardian_inventory,D,serviceAttorney.barNumber,Service attorney bar number,string,bar-number,optional,,,legal-id,persisted,input,,,,,src/core/filing/models/guardian.js,emptyDataGuardian(),,Identifier.
guardian_inventory,D,serviceAttorney.phone,Service attorney phone,string,phone,optional,,,personal,persisted,input,,,,,src/core/filing/models/guardian.js,emptyDataGuardian(),,Formatted phone.
guardian_inventory,D,serviceAttorney.streetAddress,Service attorney street address,string,,optional,,,none,persisted,input,,,,,src/core/filing/models/guardian.js,emptyDataGuardian(),,Address component.
guardian_inventory,D,serviceAttorney.cityStateZip,Service attorney city/state/ZIP,string,zip,optional,,,none,persisted,input,,,,,src/core/filing/models/guardian.js,emptyDataGuardian(),,Address component.
guardian_inventory,D,serviceAttorney.signatureDate,Service attorney signature date,date,iso-date,conditional,"signatureState is 'typed' (Milestone 39-C)",,none,persisted,input,,,,,src/core/filing/models/guardian.js,emptyDataGuardian(),,"ISO date. Pre-existing field, previously undocumented (D-5 page renders it via dateInput('serviceAttorney.signatureDate')). Milestone 39-C narrowed this from unconditionally required to conditional on the new signatureState field -- d.serviceAttorney.name stays independently, unconditionally required regardless."
guardian_inventory,D,serviceAttorney.signatureState,Service attorney signature state,enum,,optional,,none; typed; stamp,none,persisted,input,,,,,src/core/validation/signature-state.js,checkSignatureState()/SIGNATURE_STATES,,"Milestone 39-C. Same tri-state control, rolled out to the D-5 Certificate-of-Service Attorney card -- a second, separate attorney card from D-2's. name omitted from checkSignatureState() here: d.serviceAttorney.name is already unconditionally required."
guardian_inventory,D,serviceAttorney.signatureImage,Service attorney signature stamp image (base64 PNG),string,base64-png,conditional,signatureState is 'stamp',,document-content,persisted,input,,,,,src/core/signature/signature-pad.js,mountSignaturePad()/validateSignatureImage(),,Milestone 39-C. Same constraints as the guardian row's signatureImage.
guardian_inventory,D,serviceGuardian.signatureDate,Certificate-of-service guardian signature date,date,iso-date,conditional,no attorney is started and signatureState is typed (Milestone 71B),,none,persisted,input,,,,,src/core/filing/models/guardian.js,emptyDataGuardian(),,"Milestone 71B. The guardian's certificate-of-service signature, used only while no attorney is started; the attorney certificate fields are kept, untouched, for when one is."
guardian_inventory,D,serviceGuardian.signatureState,Certificate-of-service guardian signature state,enum,,optional,,none; typed; stamp,none,persisted,input,,,,,src/core/validation/signature-state.js,checkSignatureState()/SIGNATURE_STATES,,"Milestone 71B. The guardian's certificate-of-service signature, used only while no attorney is started; the attorney certificate fields are kept, untouched, for when one is."
guardian_inventory,D,serviceGuardian.signatureImage,Certificate-of-service guardian signature stamp image (base64 PNG),string,base64-png,conditional,signatureState is 'stamp',,document-content,persisted,input,,,,,src/core/signature/signature-pad.js,mountSignaturePad(),,"Milestone 71B. The guardian's certificate-of-service signature, used only while no attorney is started; the attorney certificate fields are kept, untouched, for when one is."
plan_minor,D,q4Primary,Primary care service provided,boolean,,optional,,,none,persisted,input,,,,,src/core/filing/models/plan-minor.js,emptyDataPlanMinor(),,
plan_minor,D,q4PrimaryFreq,Primary care visit frequency,string,,optional,,,none,persisted,input,,,,,src/core/filing/models/plan-minor.js,emptyDataPlanMinor(),,
plan_minor,D,q4Dentist,Dentist service provided,boolean,,optional,,,none,persisted,input,,,,,src/core/filing/models/plan-minor.js,emptyDataPlanMinor(),,
plan_minor,D,q4DentistFreq,Dentist visit frequency,string,,optional,,,none,persisted,input,,,,,src/core/filing/models/plan-minor.js,emptyDataPlanMinor(),,
plan_minor,D,q4Specialist,Specialist service provided,boolean,,optional,,,none,persisted,input,,,,,src/core/filing/models/plan-minor.js,emptyDataPlanMinor(),,
plan_minor,D,q4SpecialistFreq,Specialist visit frequency,string,,optional,,,none,persisted,input,,,,,src/core/filing/models/plan-minor.js,emptyDataPlanMinor(),,
plan_minor,D,q4PT,Physical therapy provided,boolean,,optional,,,none,persisted,input,,,,,src/core/filing/models/plan-minor.js,emptyDataPlanMinor(),,
plan_minor,D,q4ST,Speech therapy provided,boolean,,optional,,,none,persisted,input,,,,,src/core/filing/models/plan-minor.js,emptyDataPlanMinor(),,
plan_minor,D,q4OT,Occupational therapy provided,boolean,,optional,,,none,persisted,input,,,,,src/core/filing/models/plan-minor.js,emptyDataPlanMinor(),,
plan_minor,D,q4MinorDecides,Minor decides medical care,boolean,,optional,,,none,persisted,input,,,,,src/core/filing/models/plan-minor.js,emptyDataPlanMinor(),,
plan_minor,D,q4Other,Other medical service provided,boolean,,optional,,,none,persisted,input,,,,,src/core/filing/models/plan-minor.js,emptyDataPlanMinor(),,
plan_minor,D,q4Explain,Medical service explanation,string,,conditional,q4Other is true,,none,persisted,input,,,,,src/core/filing/models/plan-minor.js,emptyDataPlanMinor(),,
plan_minor,D,q5SchoolProgress,School progress summary,string,,required,,,none,persisted,input,,,,,src/core/filing/models/plan-minor.js,emptyDataPlanMinor(),,
plan_minor,D,q5SocialDevelopment,Social development description,string,,required,,,none,persisted,input,,,,,src/core/filing/models/plan-minor.js,emptyDataPlanMinor(),,
plan_minor,D,q5Communicates,Communication statement,string,,required,,,none,persisted,input,,,,,src/core/filing/models/plan-minor.js,emptyDataPlanMinor(),,
plan_minor,D,q5Interpersonal,Interpersonal relationships statement,string,,required,,,none,persisted,input,,,,,src/core/filing/models/plan-minor.js,emptyDataPlanMinor(),,
plan_minor,D,q5NoUnmetNeeds,No unmet social needs,boolean,,optional,,,none,persisted,input,,,,,src/core/filing/models/plan-minor.js,emptyDataPlanMinor(),,
plan_minor,D,q5DoesNotCareToSocialize,Does not care to socialize,boolean,,optional,,,none,persisted,input,,,,,src/core/filing/models/plan-minor.js,emptyDataPlanMinor(),,
plan_minor,D,q5UnmetNeeds,Has unmet social needs,boolean,,optional,,,none,persisted,input,,,,,src/core/filing/models/plan-minor.js,emptyDataPlanMinor(),,
plan_minor,D,q5Other,Other unmet need,boolean,,optional,,,none,persisted,input,,,,,src/core/filing/models/plan-minor.js,emptyDataPlanMinor(),,
plan_minor,D,q5Explain,Unmet need explanation,string,,conditional,q5Other is true,,none,persisted,input,,,,,src/core/filing/models/plan-minor.js,emptyDataPlanMinor(),,
plan_minor,D,certRecipients[].name,Certificate-of-service recipient name,string,,optional,,,personal,persisted,input,1,unbounded,1,,src/core/filing/plan-certificate-of-service.js,emptyCertRecipient() / emptyCertificateOfService(),,"Milestone 68C. Repeatable recipient row in the accountings' shape; Recipient 1 name completes a card for the sidebar's 'settled' rule only. Nothing on the certificate gates export."
plan_minor,D,certRecipients[].line2,Recipient address line 2,string,,optional,,,personal,persisted,input,1,unbounded,1,,src/core/filing/plan-certificate-of-service.js,emptyCertRecipient() / emptyCertificateOfService(),,"Milestone 68C. Free-form address line, as on the accountings."
plan_minor,D,certRecipients[].line3,Recipient address line 3,string,,optional,,,personal,persisted,input,1,unbounded,1,,src/core/filing/plan-certificate-of-service.js,emptyCertRecipient() / emptyCertificateOfService(),,"Milestone 68C. Free-form address line, as on the accountings."
plan_minor,D,certRecipients[].line4,Recipient address line 4,string,,optional,,,personal,persisted,input,1,unbounded,1,,src/core/filing/plan-certificate-of-service.js,emptyCertRecipient() / emptyCertificateOfService(),,"Milestone 68C. Free-form address line, as on the accountings."
plan_minor,D,certNoRecipients,No certificate-of-service recipients required (filer attestation),enum,,optional,,Yes; No,none,persisted,input,,,,,src/core/filing/plan-certificate-of-service.js,emptyCertificateOfService(),,"Milestone 68C. Tri-state, never coerced (section 4); asked only when no recipient is listed (the 57B rule). The sidebar asks; export never demands."
plan_minor,D,certDate,Certificate of service date,date,iso-date,optional,,,none,persisted,input,,,,,src/core/filing/plan-certificate-of-service.js,emptyCertificateOfService(),,"Milestone 68C. ISO date. Optional by decision (2026-09-24); the print preview notes it when blank."
plan_minor,D,certIndicator,Certificate indicator (method of service),string,,optional,,,none,persisted,input,,,,,src/core/filing/plan-certificate-of-service.js,emptyCertificateOfService(),,"Milestone 68C. Printed after the date of service, e.g. ""mailed""."
plan_minor,D,certSigner,Who certifies service,enum,,optional,,guardian; attorney,none,persisted,input,,,,,src/core/filing/plan-certificate-of-service.js,resolveCertSigner(),,"Milestone 68C. Blank means the default: attorney when the plan names one, otherwise Guardian 1 (Rule 2.516: signed by the attorney or party). The printed name is carried from the plan."
plan_minor,D,certSignatureDate,Certificate-of-service signature date,date,iso-date,optional,,,none,persisted,input,,,,,src/core/filing/plan-certificate-of-service.js,emptyCertificateOfService(),,"Milestone 68C. ISO date. A date with a blank state reads as a typed signature (inferLegacySignatureState)."
plan_minor,D,certSignatureState,Certificate-of-service signature state,enum,,optional,,none; typed; stamp,none,persisted,input,,,,,src/core/validation/signature-state.js,checkSignatureState()/SIGNATURE_STATES,,"Milestone 68C. The same tri-state control as the plan's own signatures."
plan_minor,D,certSignatureImage,Certificate-of-service signature stamp image (base64 PNG),string,base64-png,conditional,signatureState is 'stamp',,document-content,persisted,input,,,,,src/core/signature/signature-pad.js,mountSignaturePad()/validateSignatureImage(),,"Milestone 68C. Same constraints as every other signature stamp."
derived,calcTotalsAnnual(),schC_gains,Schedule C capital gains total,decimal,currency,n/a,,,none,derived,derived,,,,,src/features/annual-accounting/totals.js,calcTotalsAnnual(),,Returned by calcTotalsAnnual as the sum of schC[].gain
derived,calcTotalsAnnual(),schC_losses,Schedule C capital losses total,decimal,currency,n/a,,,none,derived,derived,,,,,src/features/annual-accounting/totals.js,calcTotalsAnnual(),,Returned by calcTotalsAnnual as the sum of schC[].loss (entered as negative)
derived,calcTotalsAnnual(),schC_net,Schedule C net capital gain/loss,decimal,currency,n/a,,,none,derived,derived,,,,,src/features/annual-accounting/totals.js,calcTotalsAnnual(),,Returned by calcTotalsAnnual as schC_gains + schC_losses
derived,calcTotalsAnnual(),schD1_restricted,Schedule D-1 restricted asset value,decimal,currency,n/a,,,none,derived,derived,,,,,src/features/annual-accounting/totals.js,calcTotalsAnnual(),,"Returned by calcTotalsAnnual as the sum of schD1[] rows where restricted==='Yes', each row's fullAmount * wardPct"
derived,calcTotalsAnnual(),schD1_total,Schedule D-1 total asset value,decimal,currency,n/a,,,none,derived,derived,,,,,src/features/annual-accounting/totals.js,calcTotalsAnnual(),,Returned by calcTotalsAnnual as the sum of schD1[].fullAmount * wardPct
derived,calcTotalsAnnual(),schD2_carrying,Schedule D-2 carrying value total,decimal,currency,n/a,,,none,derived,derived,,,,,src/features/annual-accounting/totals.js,calcTotalsAnnual(),,Returned by calcTotalsAnnual as the sum of schD2[].carryingValue * wardPct
derived,calcTotalsAnnual(),schD2_ward,Schedule D-2 ward's value total,decimal,currency,n/a,,,none,derived,derived,,,,,src/features/annual-accounting/totals.js,calcTotalsAnnual(),,Returned by calcTotalsAnnual as the sum of schD2[].fullValue * wardPct
derived,calcTotalsAnnual(),schD3_carrying,Schedule D-3 carrying value total,decimal,currency,n/a,,,none,derived,derived,,,,,src/features/annual-accounting/totals.js,calcTotalsAnnual(),,Returned by calcTotalsAnnual as the sum of schD3[].carryingValue * wardPct
derived,calcTotalsAnnual(),schD3_ward,Schedule D-3 ward's value total,decimal,currency,n/a,,,none,derived,derived,,,,,src/features/annual-accounting/totals.js,calcTotalsAnnual(),,Returned by calcTotalsAnnual as the sum of schD3[].fullAmount * wardPct
derived,calcTotalsAnnual(),schD4_restricted,Schedule D-4 restricted asset value,decimal,currency,n/a,,,none,derived,derived,,,,,src/features/annual-accounting/totals.js,calcTotalsAnnual(),,"Returned by calcTotalsAnnual as the sum of schD4[] rows where restricted==='Yes', each row's carryingValue * wardPct"
derived,calcTotalsAnnual(),schD4_carrying,Schedule D-4 carrying value total,decimal,currency,n/a,,,none,derived,derived,,,,,src/features/annual-accounting/totals.js,calcTotalsAnnual(),,Returned by calcTotalsAnnual as the sum of schD4[].carryingValue * wardPct
derived,calcTotalsAnnual(),schD4_ward,Schedule D-4 ward's value total,decimal,currency,n/a,,,none,derived,derived,,,,,src/features/annual-accounting/totals.js,calcTotalsAnnual(),,Returned by calcTotalsAnnual as the sum of schD4[].fullAmount * wardPct
derived,calcTotalsAnnual(),schD5_total,Schedule D-5 total debt,decimal,currency,n/a,,,none,derived,derived,,,,,src/features/annual-accounting/totals.js,calcTotalsAnnual(),,Returned by calcTotalsAnnual as the sum of schD5[].fullDebt * wardPct
derived,calcTotalsAnnual(),bondReq,Required bond amount,decimal,currency,n/a,,,none,derived,derived,,,,,src/features/annual-accounting/totals.js,calcTotalsAnnual(),,Returned by calcTotalsAnnual as (schD1_total - schD1_restricted) + schD3_ward + (schD4_ward - schD4_restricted)
derived,calcTotalsAnnual(),auditFee,Statutory audit fee,decimal,currency,n/a,,,none,derived,derived,,,,,src/features/annual-accounting/totals.js,calcTotalsAnnual(),,"Returned by calcTotalsAnnual per a net-assets-from-D tier: $250 over $500k, $170 over $100k, $85 over $25k, else $20"
